,VAN0009-LK-102-7,VAN0014-LK-207-2,VAN0005-RK-1-1,VAN0007-LK-203-103,VAN0013-LK-206-2,VAN0016-LK-202-89,VAN0008-RK-403-100,VAN0006-LK-7-2,VAN0010-LK-155-40,VAN0006-LK-2-85,VAN0016-LK-208-2,VAN0005-RK-8-2,VAN0010-LK-160-2,VAN0013-LK-202-96,VAN0003-LK-33-2,VAN0012-RK-103-75,VAN0014-LK-203-108,VAN0009-LK-106-2,VAN0005-RK-4-172,VAN0011-RK-8-2
HBM,HBM389.MBWW.346,HBM276.PGFS.693,HBM463.JRTB.582,HBM362.PTQJ.743,HBM623.RPMC.638,HBM264.XSVF.528,HBM783.GDKK.879,HBM636.GVWP.354,HBM662.PMPZ.644,HBM725.PDDC.788,HBM676.SNVK.793,HBM636.ZPTS.368,HBM833.DBGG.252,HBM849.XMPC.398,HBM875.QHDJ.259,HBM874.RZDW.757,HBM979.HDZH.896,HBM879.CDHB.995,HBM958.GHFM.676,HBM783.GJWP.694
json_file,e79de561c.json,2f6ecfcdf.json,aa05346ff,d488c759a,3589adb90,4ef6695ce.json,1e2425f28.json,cb2d976f4.json,c68fe75ea.json,54f2eec69.json,8242609fa.json,b9a3865fc.json,2ec3f1bb9,26dc41664.json,aaa6a05cc.json,095bf7a1f.json,57512b7f1,b2dc8411c.json,afa5e8098.json,0486052bb.json
full_json,e79de561c.json,2f6ecfcdf.json,aa05346ff.json,d488c759a.json,3589adb90.json,4ef6695ce.json,1e2425f28.json,cb2d976f4.json,c68fe75ea.json,54f2eec69.json,8242609fa.json,b9a3865fc.json,2ec3f1bb9.json,26dc41664.json,aaa6a05cc.json,095bf7a1f.json,57512b7f1.json,b2dc8411c.json,afa5e8098.json,0486052bb.json
resolution_x_unit,nm,nm,nm,nm,nm,nm,nm,nm,nm,nm,nm,nm,nm,nm,nm,nm,nm,nm,nm,nm
resolution_x_value,500.0,650.0,500.0,500.0,650.0,500.0,500.0,650.0,500.0,500.0,650.0,650.0,650.0,500.0,650.0,500.0,500.0,650.0,500.0,650.0
resolution_y_unit,nm,nm,nm,nm,nm,nm,nm,nm,nm,nm,nm,nm,nm,nm,nm,nm,nm,nm,nm,nm
resolution_y_value,500.0,650.0,500.0,500.0,650.0,500.0,500.0,650.0,500.0,500.0,650.0,650.0,650.0,500.0,650.0,500.0,500.0,650.0,500.0,650.0
donor.age_value,53,76,58,66,66,56,48,58,56,58,56,58,56,66,73,44,76,53,58,31
donor.body_mass_index_value,26.5,37.5,23.0,32.2,25.4,27.7,35.3,22.0,32.5,22.0,27.7,23.0,32.5,25.4,33.2,28.0,37.5,26.5,23.0,32.6
bsa_m^2,1.8346964629363385,2.0164738199804795,1.6193277068654826,1.8960631728809976,1.8219251112795802,2.1472359493596,2.6551574550506625,2.05622023787985,2.060550088366373,2.05622023787985,2.1472359493596,1.6193277068654826,2.060550088366373,1.8219251112795802,1.9861499607699986,1.7851237118661178,2.0164738199804795,1.8346964629363385,1.6193277068654826,2.305177144313787
donor.height_value,166.0,157.4,160.0,158.8,167.6,181.6,193.0,190.5,167.6,190.5,181.6,160.0,167.6,167.6,162.3,160.0,157.4,166.0,160.0,180.3
donor.medical_history,"Cancer, Hypertension, Coronary artery disease","Cancer, Hypertension, Coronary artery disease",Cancer,Cancer,Cancer,Cancer,"Cancer, Hypertension, Coronary artery disease","Diabetes, Cancer, Hypertension, Coronary artery disease","Cancer, Hypertension, Coronary artery disease","Diabetes, Cancer, Hypertension, Coronary artery disease",Cancer,Cancer,"Cancer, Hypertension, Coronary artery disease",Cancer,"Diabetes, Cancer, Hypertension, Coronary artery disease",Cancer,"Cancer, Hypertension, Coronary artery disease","Cancer, Hypertension, Coronary artery disease",Cancer,
donor.race,Black or African American,White,White,White,White,White,White,Black or African American,White,Black or African American,White,White,White,White,White,White,White,Black or African American,White,White
donor.sex,Male,Female,Female,Female,Female,Male,Male,Male,Male,Male,Male,Female,Male,Female,Female,Female,Female,Male,Female,Male
donor.weight_value,73.0,93.0,59.0,81.5,71.3,91.4,131.5,79.9,91.2,79.9,91.4,59.0,91.2,71.3,87.5,71.7,93.0,73.0,59.0,106.1
cortex_area,69.21635575,232.257481794,412.665702375,84.2301355,81.88417152499999,387.552505375,94.052231625,193.21820869,128.55061275,167.214043625,278.80533900374996,187.8299812675,453.44223936375,143.924941125,36.996023752350006,146.207781375,88.476032225,174.57777000624998,143.825699875,87.5610171475
area_count,180.0,160.0,325.0,175.0,239.0,439.0,178.0,319.0,118.0,139.0,586.0,469.0,399.0,245.0,99.0,350.0,141.0,138.0,235.0,130.0
area_mean,22025.156597222223,21049.13759,29152.91367692308,20966.00634285714,23437.363890167366,25405.007494305242,26214.23512640449,33299.03149874607,27664.227944915256,25464.97311151079,23322.78106983788,23796.08999760128,23885.812600814534,26441.030367346935,18311.32996792929,24854.918607142856,24351.868936170213,18687.215535507246,28261.677,30979.785134999995
area_std,7401.815842612144,8037.550770305617,11820.482880735126,13374.773081714837,8397.654360458906,8400.255610304634,8645.106950500065,13222.580651899658,10434.561430462949,9152.580108099126,7767.997208196732,7743.520332970536,9382.824096673306,8500.02167663796,5621.911521010381,8658.895469230105,9548.755102808527,6321.170410696477,10115.12018653985,13122.782097249952
area_min,6597.265,3273.63985,4671.625,2285.13,4432.4475,5686.265,8379.0075,6659.153474999999,5744.375,6065.0,4205.2312249999995,5441.13245,5121.1943249999995,6717.68,7079.8324999999995,4634.905,5494.4625,6070.9025,6919.875,4812.2158500000005
area_25%,17035.1275,15104.700325,20439.89,10122.372500000001,17277.820625,19845.88625,19316.86,23628.4117875,19739.59375,18157.125,17349.91496875,18254.74625,16452.49645,21317.755,14008.9846,18797.20375,16451.26,14010.416874999999,21032.86375,22872.46
area_50%,21696.58625,21871.5575,29854.875,15326.6725,24155.38125,26691.0525,26965.62875,33047.73875,26260.75,25965.7825,23601.0464625,24339.57435,23780.835,26949.625,18182.92125,25123.50625,24258.4675,19050.858775,27845.9375,33013.305
area_75%,26721.34375,27264.808025,37259.25,32124.307500000003,29297.311875,31061.5,33114.59375,43150.531287499995,34820.783125,32085.125,28943.941325,29406.4225,29659.60985,31911.0975,21799.415625,30495.09375,30872.2625,23309.9059375,35936.68375,40174.7328125
area_max,54760.8,40015.165125,72795.94,60137.75,45259.94915,50575.375,46043.4925,64850.792499999996,59188.625,51756.24,47131.493174999996,53859.864825,62089.5691,50494.75,37797.48375,49550.875,53402.3825,33603.5375,56604.49,80003.29024999999
ecc_count,180.0,160.0,325.0,175.0,239.0,439.0,178.0,319.0,118.0,139.0,586.0,469.0,399.0,245.0,99.0,350.0,141.0,138.0,235.0,130.0
ecc_mean,0.4652777777777778,0.4815625,0.4976923076923077,0.45211428571428575,0.4362761506276151,0.4497266514806378,0.4473595505617977,0.4847335423197492,0.48669491525423725,0.460863309352518,0.41189419795221843,0.44782515991471217,0.44147869674185464,0.4691428571428572,0.4856565656565656,0.4662000000000001,0.49283687943262416,0.44253623188405794,0.4448085106382979,0.46569230769230774
ecc_std,0.16055918540332878,0.1731671199018288,0.1762851333581902,0.16162105733491483,0.16968316711426268,0.1723750768502428,0.16962336125157626,0.1638390868721443,0.17866099821062428,0.17096267078944918,0.16334954100785004,0.1730000596753578,0.16724660251427712,0.1775553481012168,0.16185885521828805,0.16703932930844945,0.18614251928921385,0.16331002085372812,0.19579409190010305,0.17268934540929004
ecc_min,0.0,0.0,0.07,0.0,0.0,0.0,0.07,0.08,0.0,0.07,0.0,0.0,0.0,0.07,0.0,0.0,0.04,0.07,0.0,0.0
ecc_25%,0.35,0.36,0.37,0.35,0.32,0.32,0.33,0.35,0.38,0.36,0.3,0.33,0.32,0.35,0.36,0.3525,0.34,0.33,0.32,0.3625
ecc_50%,0.49,0.49,0.5,0.46,0.43,0.46,0.46,0.51,0.495,0.48,0.42,0.46,0.45,0.48,0.48,0.46,0.52,0.44,0.46,0.49
ecc_75%,0.58,0.6125,0.64,0.57,0.565,0.59,0.58,0.62,0.6174999999999999,0.575,0.53,0.58,0.56,0.6,0.61,0.59,0.64,0.56,0.6,0.57
ecc_max,0.79,0.86,0.85,0.84,0.8,0.88,0.82,0.85,0.89,0.84,0.87,0.81,0.82,0.86,0.81,0.89,0.94,0.8,0.91,0.82
glom_count_density glom/sq.mm,2.6005414189983553,0.6888906172758364,0.7875624219060107,2.077641202417394,2.918757014315412,1.1327497407743987,1.8925654067381625,1.6509831147011862,0.9179263908253911,0.831269892089484,2.101824886474352,2.496938970206619,0.879935668454397,1.7022761870523573,2.6759632511510505,2.3938534372688753,1.593651935491731,0.7904786502603368,1.6339221724924007,1.48467896142652
glom_area_density,0.057277331991001275,0.01450055338749911,0.022959739301014404,0.043559838628064416,0.06840797025148873,0.02877751565354592,0.049612154564333544,0.0549761387403327,0.025393724912446985,0.021168265450467183,0.049020401674378176,0.05941738445355457,0.021017978477474195,0.04500993635546293,0.049000446073879725,0.05949903234074705,0.03880840306296862,0.014771844913631768,0.04617738068211851,0.04599503521944853
MDRD factor,0.5413456088146652,0.30803406425521396,0.32540784784502436,0.3169833758967347,0.3169833758967347,0.4416902682019679,0.4557304306104361,0.53152872181694,0.4416902682019679,0.53152872181694,0.4416902682019679,0.32540784784502436,0.4416902682019679,0.3169833758967347,0.31056275070221273,0.3441779249950128,0.30803406425521396,0.5413456088146652,0.32540784784502436,0.4980277888999011
0,0.77,0.57,0.48,0.49,0.35,0.3,0.73,0.51,0.56,0.52,0.49,0.34,0.33,0.69,0.36,0.37,0.48,0.38,0.66,0.61
1,0.35,0.76,0.7,0.49,0.51,0.5,0.54,0.66,0.52,0.22,0.6,0.44,0.76,0.14,0.58,0.2,0.69,0.22,0.12,0.53
2,0.22,0.69,0.62,0.4,0.4,0.53,0.55,0.69,0.89,0.28,0.62,0.22,0.66,0.55,0.61,0.24,0.14,0.4,0.68,0.52
3,0.53,0.74,0.07,0.53,0.47,0.62,0.39,0.54,0.48,0.42,0.53,0.4,0.46,0.3,0.49,0.31,0.83,0.36,0.37,0.63
4,0.32,0.64,0.5,0.57,0.39,0.51,0.51,0.23,0.42,0.29,0.44,0.67,0.46,0.3,0.52,0.57,0.81,0.52,0.43,0.62
5,0.54,0.54,0.45,0.42,0.7,0.41,0.47,0.22,0.43,0.43,0.32,0.7,0.51,0.1,0.31,0.74,0.16,0.6,0.55,0.64
6,0.7,0.58,0.17,0.39,0.38,0.47,0.7,0.62,0.5,0.42,0.58,0.59,0.24,0.32,0.66,0.56,0.61,0.53,0.47,0.26
7,0.47,0.49,0.46,0.29,0.48,0.31,0.39,0.57,0.72,0.59,0.26,0.65,0.42,0.3,0.57,0.53,0.29,0.47,0.39,0.2
8,0.5,0.62,0.53,0.39,0.29,0.58,0.82,0.36,0.46,0.43,0.18,0.48,0.26,0.37,0.33,0.61,0.32,0.46,0.55,0.25
9,0.55,0.57,0.73,0.29,0.29,0.04,0.27,0.5,0.3,0.48,0.31,0.17,0.41,0.59,0.31,0.52,0.35,0.68,0.42,0.56
10,0.62,0.22,0.62,0.41,0.36,0.4,0.7,0.49,0.5,0.42,0.47,0.36,0.49,0.61,0.35,0.44,0.34,0.23,0.56,0.4
11,0.64,0.48,0.56,0.48,0.15,0.46,0.53,0.57,0.81,0.55,0.55,0.71,0.45,0.65,0.31,0.53,0.51,0.47,0.48,0.77
12,0.65,0.39,0.25,0.43,0.45,0.46,0.62,0.47,0.29,0.39,0.49,0.36,0.16,0.45,0.32,0.3,0.35,0.37,0.28,0.61
13,0.62,0.35,0.64,0.52,0.42,0.28,0.33,0.11,0.45,0.07,0.55,0.46,0.19,0.59,0.41,0.5,0.36,0.4,0.36,0.7
14,0.54,0.42,0.45,0.47,0.57,0.33,0.2,0.35,0.34,0.58,0.58,0.45,0.32,0.33,0.6,0.43,0.72,0.47,0.69,0.2
15,0.22,0.24,0.41,0.36,0.18,0.55,0.2,0.19,0.31,0.55,0.48,0.47,0.32,0.74,0.54,0.51,0.39,0.25,0.44,0.62
16,0.32,0.45,0.47,0.5,0.42,0.16,0.19,0.5,0.62,0.46,0.45,0.74,0.38,0.6,0.2,0.21,0.04,0.44,0.8,0.4
17,0.6,0.26,0.82,0.45,0.34,0.25,0.15,0.45,0.53,0.52,0.46,0.39,0.24,0.57,0.52,0.5,0.6,0.44,0.55,0.37
18,0.71,0.56,0.45,0.49,0.41,0.63,0.33,0.45,0.28,0.31,0.37,0.55,0.65,0.35,0.73,0.36,0.57,0.2,0.17,0.43
19,0.42,0.38,0.72,0.3,0.39,0.53,0.36,0.26,0.76,0.56,0.24,0.47,0.09,0.32,0.57,0.13,0.56,0.36,0.52,0.16
20,0.4,0.48,0.54,0.54,0.52,0.54,0.35,0.4,0.64,0.39,0.52,0.43,0.3,0.45,0.42,0.57,0.37,0.15,0.7,0.72
21,0.5,0.38,0.67,0.57,0.59,0.23,0.4,0.64,0.38,0.67,0.52,0.17,0.26,0.59,0.33,0.27,0.66,0.64,0.66,0.41
22,0.18,0.73,0.71,0.67,0.4,0.23,0.57,0.63,0.32,0.49,0.41,0.21,0.69,0.48,0.61,0.68,0.54,0.26,0.84,0.62
23,0.29,0.61,0.4,0.64,0.51,0.42,0.66,0.66,0.57,0.82,0.44,0.76,0.51,0.42,0.47,0.26,0.28,0.57,0.62,0.08
24,0.7,0.36,0.1,0.47,0.6,0.62,0.17,0.77,0.54,0.39,0.75,0.55,0.54,0.35,0.57,0.14,0.55,0.33,0.65,0.47
25,0.27,0.5,0.69,0.49,0.64,0.46,0.24,0.41,0.74,0.24,0.63,0.5,0.2,0.24,0.32,0.24,0.63,0.67,0.09,0.3
26,0.66,0.46,0.43,0.33,0.0,0.23,0.5,0.2,0.75,0.66,0.35,0.52,0.13,0.75,0.47,0.59,0.49,0.55,0.47,0.4
27,0.25,0.47,0.43,0.43,0.33,0.56,0.48,0.64,0.42,0.62,0.11,0.33,0.5,0.47,0.22,0.33,0.28,0.2,0.22,0.43
28,0.59,0.68,0.41,0.41,0.47,0.64,0.38,0.37,0.7,0.41,0.53,0.62,0.34,0.55,0.63,0.33,0.59,0.39,0.12,0.51
29,0.45,0.41,0.6,0.27,0.44,0.65,0.24,0.65,0.51,0.44,0.37,0.57,0.77,0.26,0.66,0.45,0.34,0.15,0.08,0.71
30,0.16,0.7,0.56,0.45,0.6,0.3,0.44,0.34,0.4,0.84,0.35,0.44,0.29,0.56,0.54,0.32,0.71,0.68,0.16,0.54
31,0.41,0.4,0.3,0.36,0.38,0.44,0.45,0.33,0.65,0.66,0.4,0.49,0.48,0.26,0.47,0.52,0.58,0.35,0.68,0.81
32,0.43,0.38,0.29,0.69,0.58,0.54,0.38,0.55,0.32,0.54,0.37,0.35,0.27,0.64,0.47,0.51,0.72,0.47,0.49,0.36
33,0.51,0.6,0.31,0.3,0.67,0.48,0.61,0.29,0.46,0.26,0.5,0.45,0.48,0.23,0.6,0.61,0.6,0.48,0.47,0.4
34,0.47,0.57,0.63,0.54,0.53,0.54,0.39,0.33,0.77,0.49,0.59,0.3,0.4,0.61,0.68,0.45,0.7,0.1,0.32,0.46
35,0.74,0.5,0.55,0.7,0.58,0.39,0.66,0.35,0.52,0.58,0.56,0.51,0.54,0.21,0.12,0.56,0.53,0.37,0.74,0.54
36,0.23,0.5,0.6,0.41,0.51,0.49,0.46,0.58,0.56,0.33,0.55,0.48,0.39,0.79,0.0,0.11,0.51,0.43,0.34,0.78
37,0.51,0.52,0.29,0.46,0.36,0.38,0.39,0.56,0.66,0.41,0.51,0.14,0.5,0.49,0.67,0.31,0.7,0.46,0.62,0.67
38,0.57,0.47,0.73,0.31,0.15,0.51,0.31,0.62,0.39,0.14,0.56,0.49,0.59,0.74,0.36,0.49,0.34,0.44,0.38,0.09
39,0.4,0.36,0.74,0.71,0.38,0.38,0.48,0.69,0.35,0.57,0.18,0.0,0.52,0.64,0.53,0.72,0.69,0.59,0.31,0.36
40,0.37,0.46,0.66,0.55,0.3,0.52,0.1,0.29,0.45,0.52,0.41,0.29,0.71,0.48,0.67,0.82,0.75,0.45,0.61,0.4
41,0.47,0.6,0.38,0.32,0.27,0.33,0.23,0.7,0.45,0.52,0.38,0.45,0.58,0.28,0.45,0.13,0.47,0.55,0.41,0.53
42,0.48,0.68,0.56,0.47,0.44,0.28,0.69,0.7,0.4,0.14,0.18,0.51,0.55,0.6,0.66,0.21,0.61,0.76,0.67,0.4
43,0.3,0.71,0.26,0.29,0.71,0.67,0.75,0.61,0.28,0.36,0.38,0.49,0.36,0.24,0.55,0.52,0.3,0.36,0.66,0.3
44,0.16,0.64,0.63,0.41,0.3,0.55,0.6,0.16,0.38,0.38,0.06,0.42,0.47,0.28,0.51,0.4,0.27,0.25,0.61,0.52
45,0.66,0.61,0.13,0.3,0.55,0.44,0.51,0.59,0.67,0.29,0.22,0.27,0.44,0.19,0.51,0.55,0.73,0.31,0.49,0.53
46,0.61,0.35,0.24,0.58,0.28,0.67,0.36,0.59,0.68,0.57,0.37,0.75,0.68,0.29,0.45,0.56,0.55,0.39,0.28,0.72
47,0.28,0.46,0.73,0.58,0.46,0.4,0.72,0.21,0.49,0.51,0.61,0.39,0.24,0.58,0.43,0.41,0.62,0.8,0.32,0.7
48,0.21,0.39,0.33,0.25,0.54,0.25,0.44,0.12,0.58,0.62,0.33,0.14,0.48,0.35,0.72,0.77,0.65,0.26,0.49,0.53
49,0.36,0.42,0.56,0.36,0.5,0.42,0.65,0.46,0.6,0.58,0.36,0.43,0.58,0.5,0.8,0.7,0.39,0.52,0.7,0.15
50,0.49,0.55,0.41,0.63,0.53,0.53,0.54,0.37,0.35,0.4,0.44,0.57,0.26,0.16,0.33,0.59,0.72,0.27,0.64,0.38
51,0.28,0.25,0.14,0.7,0.46,0.38,0.07,0.69,0.34,0.65,0.29,0.19,0.18,0.59,0.35,0.23,0.77,0.55,0.46,0.54
52,0.72,0.7,0.62,0.49,0.47,0.38,0.36,0.32,0.57,0.51,0.52,0.08,0.69,0.43,0.36,0.61,0.46,0.28,0.54,0.31
53,0.45,0.36,0.39,0.38,0.32,0.69,0.65,0.69,0.82,0.68,0.11,0.74,0.61,0.42,0.47,0.73,0.36,0.61,0.66,0.62
54,0.28,0.73,0.36,0.76,0.8,0.4,0.28,0.5,0.0,0.37,0.29,0.6,0.08,0.49,0.2,0.5,0.55,0.25,0.66,0.0
55,0.7,0.6,0.25,0.41,0.26,0.62,0.59,0.56,0.43,0.51,0.53,0.59,0.47,0.6,0.39,0.6,0.66,0.66,0.24,0.49
56,0.54,0.0,0.61,0.58,0.79,0.66,0.58,0.27,0.58,0.62,0.14,0.44,0.0,0.55,0.42,0.58,0.36,0.49,0.38,0.54
57,0.54,0.22,0.32,0.48,0.47,0.48,0.61,0.71,0.17,0.51,0.73,0.37,0.36,0.4,0.56,0.38,0.21,0.32,0.44,0.66
58,0.26,0.3,0.68,0.18,0.56,0.61,0.46,0.19,0.28,0.2,0.43,0.21,0.62,0.18,0.42,0.72,0.42,0.29,0.63,0.44
59,0.54,0.65,0.27,0.37,0.63,0.44,0.38,0.24,0.75,0.12,0.08,0.61,0.45,0.4,0.37,0.51,0.54,0.56,0.4,0.8
60,0.54,0.62,0.37,0.6,0.52,0.49,0.35,0.15,0.25,0.57,0.17,0.08,0.42,0.73,0.34,0.27,0.62,0.33,0.56,0.71
61,0.45,0.18,0.66,0.21,0.33,0.37,0.62,0.37,0.56,0.67,0.45,0.33,0.51,0.47,0.43,0.46,0.7,0.4,0.63,0.4
62,0.65,0.47,0.34,0.45,0.43,0.48,0.1,0.22,0.39,0.73,0.25,0.56,0.29,0.23,0.66,0.31,0.65,0.5,0.22,0.49
63,0.61,0.71,0.41,0.46,0.16,0.57,0.6,0.38,0.11,0.51,0.42,0.36,0.69,0.41,0.29,0.62,0.33,0.7,0.44,0.55
64,0.3,0.5,0.72,0.25,0.63,0.33,0.73,0.65,0.8,0.41,0.43,0.29,0.54,0.49,0.48,0.52,0.54,0.25,0.72,0.43
65,0.55,0.38,0.46,0.64,0.32,0.49,0.46,0.66,0.65,0.46,0.25,0.65,0.62,0.49,0.37,0.37,0.38,0.63,0.28,0.47
66,0.34,0.33,0.33,0.65,0.39,0.55,0.6,0.36,0.44,0.54,0.52,0.11,0.25,0.35,0.51,0.22,0.22,0.49,0.21,0.63
67,0.15,0.65,0.47,0.46,0.34,0.36,0.52,0.45,0.63,0.49,0.44,0.37,0.63,0.62,0.6,0.52,0.74,0.55,0.4,0.73
68,0.08,0.26,0.5,0.74,0.38,0.41,0.48,0.71,0.37,0.43,0.43,0.12,0.44,0.66,0.74,0.16,0.43,0.34,0.0,0.46
69,0.67,0.58,0.61,0.57,0.7,0.28,0.43,0.25,0.46,0.24,0.36,0.5,0.22,0.36,0.27,0.6,0.6,0.72,0.57,0.53
70,0.71,0.37,0.61,0.29,0.17,0.29,0.68,0.4,0.49,0.36,0.39,0.31,0.43,0.17,0.68,0.6,0.46,0.37,0.58,0.24
71,0.16,0.58,0.76,0.75,0.31,0.49,0.6,0.54,0.53,0.77,0.59,0.43,0.71,0.73,0.25,0.7,0.48,0.56,0.52,0.27
72,0.24,0.27,0.39,0.69,0.34,0.59,0.31,0.53,0.57,0.5,0.58,0.55,0.18,0.54,0.64,0.34,0.43,0.59,0.38,0.57
73,0.33,0.38,0.24,0.59,0.68,0.47,0.28,0.61,0.22,0.74,0.59,0.42,0.41,0.39,0.64,0.62,0.38,0.21,0.0,0.26
74,0.63,0.66,0.34,0.21,0.59,0.39,0.5,0.77,0.68,0.3,0.25,0.66,0.58,0.66,0.64,0.47,0.81,0.49,0.48,0.49
75,0.58,0.35,0.55,0.53,0.34,0.46,0.48,0.59,0.42,0.59,0.39,0.44,0.08,0.5,0.5,0.65,0.19,0.41,0.65,0.3
76,0.61,0.35,0.41,0.28,0.31,0.66,0.36,0.37,0.59,0.4,0.62,0.23,0.41,0.54,0.7,0.66,0.16,0.7,0.91,0.48
77,0.51,0.41,0.65,0.15,0.43,0.2,0.53,0.65,0.73,0.53,0.55,0.48,0.26,0.31,0.61,0.5,0.94,0.62,0.35,0.57
78,0.36,0.67,0.57,0.42,0.62,0.76,0.61,0.5,0.18,0.44,0.57,0.25,0.35,0.29,0.33,0.25,0.33,0.33,0.38,0.45
79,0.37,0.76,0.33,0.35,0.18,0.37,0.39,0.44,0.64,0.57,0.58,0.53,0.09,0.61,0.47,0.42,0.59,0.58,0.45,0.52
80,0.5,0.61,0.09,0.08,0.68,0.37,0.73,0.49,0.17,0.34,0.58,0.55,0.79,0.67,0.53,0.39,0.56,0.34,0.49,0.82
81,0.42,0.57,0.4,0.25,0.57,0.51,0.3,0.55,0.75,0.1,0.53,0.37,0.78,0.58,0.65,0.14,0.71,0.11,0.42,0.64
82,0.23,0.41,0.56,0.3,0.6,0.5,0.19,0.66,0.64,0.43,0.55,0.63,0.5,0.47,0.59,0.41,0.27,0.21,0.59,0.51
83,0.68,0.42,0.34,0.51,0.51,0.51,0.53,0.61,0.18,0.56,0.4,0.16,0.5,0.53,0.17,0.6,0.7,0.48,0.4,0.56
84,0.44,0.72,0.51,0.46,0.36,0.58,0.66,0.5,0.68,0.38,0.38,0.24,0.28,0.74,0.52,0.71,0.63,0.61,0.23,0.17
85,0.37,0.18,0.31,0.84,0.52,0.32,0.07,0.67,0.59,0.46,0.42,0.6,0.57,0.47,0.43,0.38,0.45,0.56,0.29,0.45
86,0.57,0.25,0.32,0.36,0.54,0.35,0.47,0.63,0.47,0.37,0.51,0.14,0.52,0.13,0.42,0.3,0.38,0.56,0.08,0.47
87,0.5,0.45,0.47,0.62,0.73,0.64,0.3,0.65,0.27,0.43,0.49,0.44,0.45,0.61,0.62,0.67,0.14,0.64,0.48,0.53
88,0.33,0.35,0.32,0.46,0.45,0.8,0.16,0.6,0.52,0.7,0.35,0.12,0.5,0.6,0.67,0.52,0.62,0.45,0.4,0.51
89,0.53,0.38,0.52,0.42,0.7,0.15,0.55,0.31,0.64,0.3,0.67,0.09,0.69,0.73,0.67,0.44,0.1,0.38,0.58,0.52
90,0.35,0.52,0.62,0.34,0.51,0.47,0.56,0.78,0.56,0.49,0.45,0.77,0.47,0.6,0.3,0.75,0.33,0.28,0.45,0.58
91,0.5,0.57,0.36,0.59,0.41,0.88,0.59,0.27,0.12,0.53,0.44,0.63,0.32,0.5,0.45,0.81,0.67,0.36,0.36,0.34
92,0.55,0.65,0.28,0.2,0.45,0.66,0.66,0.62,0.52,0.27,0.39,0.36,0.65,0.6,0.42,0.57,0.33,0.28,0.5,0.42
93,0.49,0.69,0.66,0.49,0.41,0.26,0.6,0.39,0.68,0.56,0.52,0.61,0.61,0.66,0.81,0.13,0.42,0.26,0.49,0.49
94,0.55,0.5,0.68,0.18,0.39,0.51,0.36,0.5,0.5,0.67,0.28,0.81,0.34,0.44,0.79,0.89,0.52,0.18,0.74,0.5
95,0.62,0.25,0.57,0.34,0.43,0.24,0.1,0.38,0.61,0.15,0.69,0.41,0.36,0.39,0.75,0.29,0.64,0.55,0.5,0.58
96,0.44,0.71,0.58,0.57,0.35,0.38,0.32,0.32,0.36,0.41,0.52,0.21,0.35,0.77,0.32,0.42,0.54,0.78,0.35,0.52
97,0.57,0.19,0.39,0.52,0.54,0.75,0.16,0.54,0.48,0.37,0.41,0.46,0.49,0.81,0.37,0.4,0.77,0.33,0.46,0.6
98,0.46,0.51,0.66,0.53,0.4,0.3,0.31,0.55,0.56,0.59,0.42,0.22,0.63,0.57,0.4,0.59,0.19,0.57,0.43,0.69
99,0.49,0.61,0.81,0.49,0.56,0.27,0.12,0.27,0.59,0.3,0.25,0.08,0.44,0.55,,0.52,0.35,0.33,0.63,0.27
100,0.3,0.51,0.21,0.35,0.37,0.57,0.32,0.26,0.15,0.69,0.46,0.55,0.72,0.43,,0.68,0.65,0.43,0.34,0.4
101,0.5,0.71,0.52,0.22,0.18,0.55,0.29,0.62,0.19,0.25,0.35,0.53,0.59,0.3,,0.42,0.54,0.32,0.23,0.61
102,0.27,0.55,0.42,0.57,0.64,0.32,0.54,0.76,0.39,0.78,0.2,0.72,0.66,0.27,,0.58,0.4,0.77,0.58,0.29
103,0.39,0.41,0.21,0.71,0.63,0.47,0.1,0.13,0.59,0.2,0.42,0.44,0.27,0.68,,0.52,0.71,0.7,0.7,0.1
104,0.55,0.61,0.37,0.46,0.16,0.47,0.51,0.64,0.73,0.52,0.22,0.61,0.54,0.52,,0.43,0.59,0.49,0.16,0.5
105,0.46,0.17,0.27,0.15,0.58,0.6,0.64,0.34,0.42,0.61,0.2,0.2,0.49,0.51,,0.51,0.35,0.49,0.27,0.5
106,0.36,0.8,0.58,0.68,0.31,0.61,0.39,0.42,0.47,0.26,0.43,0.55,0.62,0.52,,0.78,0.51,0.4,0.17,0.43
107,0.3,0.38,0.22,0.38,0.75,0.28,0.39,0.59,0.67,0.13,0.29,0.53,0.6,0.43,,0.41,0.79,0.31,0.13,0.36
108,0.58,0.24,0.28,0.57,0.44,0.18,0.47,0.56,0.45,0.49,0.26,0.56,0.65,0.52,,0.29,0.32,0.34,0.41,0.32
109,0.67,0.28,0.51,0.64,0.52,0.46,0.37,0.34,0.53,0.72,0.28,0.45,0.3,0.24,,0.41,0.33,0.44,0.34,0.49
110,0.56,0.37,0.59,0.68,0.32,0.32,0.35,0.33,0.22,0.52,0.48,0.46,0.41,0.49,,0.79,0.55,0.62,0.72,0.39
111,0.58,0.36,0.51,0.56,0.1,0.62,0.48,0.38,0.58,0.74,0.36,0.43,0.31,0.49,,0.45,0.55,0.67,0.18,0.41
112,0.66,0.73,0.55,0.38,0.37,0.16,0.31,0.44,0.42,0.55,0.41,0.43,0.63,0.61,,0.36,0.71,0.35,0.46,0.3
113,0.4,0.29,0.84,0.36,0.35,0.43,0.57,0.16,0.62,0.51,0.46,0.64,0.39,0.75,,0.73,0.48,0.14,0.57,0.56
114,0.48,0.63,0.54,0.62,0.35,0.44,0.34,0.62,0.44,0.33,0.55,0.57,0.39,0.23,,0.67,0.59,0.46,0.32,0.53
115,0.59,0.31,0.27,0.72,0.41,0.63,0.22,0.71,0.44,0.3,0.55,0.51,0.39,0.61,,0.43,0.41,0.59,0.24,0.24
116,0.23,0.34,0.71,0.62,0.67,0.6,0.3,0.44,0.21,0.56,0.46,0.45,0.32,0.26,,0.28,0.57,0.42,0.64,0.51
117,0.41,0.66,0.46,0.39,0.32,0.58,0.59,0.28,0.22,0.59,0.48,0.49,0.23,0.36,,0.43,0.26,0.8,0.35,0.26
118,0.61,0.58,0.38,0.47,0.67,0.52,0.57,0.34,,0.65,0.47,0.26,0.79,0.51,,0.59,0.35,0.42,0.39,0.24
119,0.36,0.62,0.77,0.36,0.43,0.48,0.46,0.68,,0.12,0.6,0.25,0.43,0.32,,0.39,0.75,0.72,0.48,0.6
120,0.43,0.54,0.75,0.44,0.45,0.63,0.14,0.57,,0.7,0.44,0.79,0.57,0.35,,0.6,0.58,0.07,0.6,0.25
121,0.49,0.49,0.6,0.74,0.42,0.62,0.56,0.66,,0.28,0.68,0.27,0.27,0.38,,0.6,0.7,0.46,0.05,0.71
122,0.54,0.58,0.73,0.1,0.56,0.6,0.67,0.68,,0.15,0.45,0.2,0.36,0.1,,0.58,0.19,0.48,0.62,0.5
123,0.3,0.66,0.33,0.54,0.38,0.44,0.43,0.13,,0.13,0.33,0.53,0.54,0.63,,0.46,0.64,0.64,0.0,0.48
124,0.65,0.29,0.73,0.61,0.62,0.24,0.44,0.33,,0.41,0.55,0.4,0.45,0.61,,0.37,0.62,0.43,0.48,0.14
125,0.57,0.32,0.65,0.41,0.27,0.73,0.59,0.32,,0.4,0.59,0.2,0.49,0.41,,0.46,0.3,0.21,0.7,0.3
126,0.57,0.38,0.1,0.47,0.28,0.58,0.4,0.38,,0.6,0.3,0.25,0.47,0.23,,0.22,0.3,0.57,0.5,0.0
127,0.55,0.0,0.5,0.45,0.73,0.07,0.46,0.23,,0.34,0.51,0.43,0.23,0.41,,0.66,0.2,0.51,0.41,0.52
128,0.53,0.57,0.5,0.19,0.54,0.38,0.42,0.59,,0.54,0.25,0.26,0.19,0.73,,0.59,0.44,0.23,0.04,0.53
129,0.42,0.51,0.59,0.16,0.15,0.37,0.59,0.51,,0.43,0.41,0.46,0.31,0.57,,0.46,0.47,0.52,0.11,0.65
130,0.58,0.49,0.64,0.34,0.24,0.0,0.56,0.29,,0.65,0.53,0.48,0.4,0.7,,0.42,0.7,0.51,0.42,
131,0.11,0.46,0.64,0.62,0.65,0.42,0.22,0.56,,0.41,0.4,0.37,0.59,0.44,,0.51,0.56,0.41,0.44,
132,0.5,0.44,0.6,0.27,0.6,0.42,0.41,0.43,,0.18,0.3,0.78,0.34,0.75,,0.43,0.3,0.33,0.36,
133,0.63,0.4,0.68,0.49,0.62,0.26,0.45,0.19,,0.41,0.36,0.33,0.54,0.59,,0.66,0.19,0.41,0.33,
134,0.19,0.19,0.62,0.72,0.23,0.51,0.66,0.57,,0.45,0.3,0.26,0.47,0.56,,0.71,0.28,0.49,0.52,
135,0.59,0.86,0.45,0.63,0.08,0.31,0.36,0.29,,0.75,0.11,0.31,0.45,0.45,,0.45,0.19,0.27,0.3,
136,0.46,0.2,0.53,0.71,0.37,0.44,0.18,0.76,,0.66,0.6,0.41,0.59,0.23,,0.47,0.49,0.71,0.26,
137,0.32,0.61,0.67,0.48,0.66,0.24,0.42,0.2,,0.68,0.76,0.35,0.49,0.27,,0.28,0.32,0.45,0.28,
138,0.77,0.42,0.48,0.51,0.57,0.33,0.28,0.31,,0.21,0.4,0.38,0.44,0.55,,0.34,0.78,,0.37,
139,0.28,0.54,0.41,0.33,0.14,0.46,0.44,0.68,,,0.46,0.23,0.1,0.61,,0.64,0.67,,0.19,
140,0.55,0.25,0.61,0.47,0.41,0.77,0.13,0.55,,,0.32,0.47,0.67,0.42,,0.58,0.54,,0.19,
141,0.79,0.46,0.78,0.6,0.37,0.54,0.58,0.67,,,0.51,0.55,0.54,0.73,,0.34,,,0.17,
142,0.35,0.27,0.61,0.39,0.48,0.3,0.53,0.28,,,0.08,0.48,0.71,0.53,,0.48,,,0.67,
143,0.52,0.7,0.54,0.7,0.62,0.31,0.56,0.51,,,0.57,0.6,0.51,0.58,,0.38,,,0.47,
144,0.5,0.65,0.6,0.58,0.44,0.5,0.52,0.77,,,0.45,0.26,0.5,0.41,,0.51,,,0.19,
145,0.47,0.61,0.63,0.34,0.19,0.48,0.52,0.74,,,0.41,0.66,0.29,0.56,,0.49,,,0.33,
146,0.11,0.66,0.46,0.67,0.64,0.64,0.43,0.56,,,0.25,0.76,0.49,0.65,,0.46,,,0.72,
147,0.56,0.71,0.2,0.55,0.72,0.31,0.36,0.85,,,0.41,0.6,0.51,0.34,,0.62,,,0.52,
148,0.31,0.34,0.68,0.17,0.64,0.62,0.52,0.38,,,0.59,0.17,0.48,0.56,,0.29,,,0.4,
149,0.17,0.33,0.56,0.45,0.24,0.61,0.29,0.71,,,0.56,0.43,0.61,0.39,,0.57,,,0.69,
150,0.49,0.66,0.49,0.69,0.49,0.23,0.75,0.25,,,0.41,0.6,0.26,0.56,,0.6,,,0.23,
151,0.47,0.34,0.69,0.17,0.6,0.83,0.65,0.59,,,0.46,0.18,0.74,0.58,,0.41,,,0.29,
152,0.42,0.39,0.32,0.45,0.08,0.45,0.2,0.47,,,0.09,0.4,0.75,0.65,,0.25,,,0.41,
153,0.46,0.41,0.35,0.1,0.24,0.7,0.47,0.57,,,0.13,0.61,0.36,0.73,,0.85,,,0.35,
154,0.43,0.11,0.28,0.0,0.48,0.5,0.33,0.73,,,0.43,0.42,0.49,0.28,,0.46,,,0.42,
155,0.45,0.15,0.57,0.33,0.72,0.25,0.66,0.74,,,0.19,0.59,0.2,0.74,,0.26,,,0.31,
156,0.65,0.69,0.62,0.47,0.24,0.41,0.5,0.33,,,0.08,0.66,0.36,0.53,,0.48,,,0.42,
157,0.45,0.6,0.63,0.49,0.6,0.26,0.58,0.54,,,0.42,0.63,0.58,0.25,,0.61,,,0.59,
158,0.36,0.86,0.53,0.52,0.57,0.42,0.73,0.14,,,0.37,0.08,0.31,0.27,,0.53,,,0.58,
159,0.65,0.63,0.39,0.47,0.51,0.59,0.41,0.53,,,0.64,0.21,0.43,0.07,,0.59,,,0.6,
160,0.3,,0.36,0.44,0.72,0.42,0.38,0.4,,,0.22,0.64,0.64,0.53,,0.37,,,0.51,
161,0.65,,0.5,0.39,0.29,0.41,0.72,0.55,,,0.48,0.28,0.41,0.35,,0.28,,,0.16,
162,0.55,,0.4,0.37,0.4,0.56,0.42,0.64,,,0.57,0.29,0.63,0.55,,0.4,,,0.79,
163,0.32,,0.17,0.62,0.25,0.35,0.21,0.3,,,0.63,0.36,0.35,0.43,,0.44,,,0.68,
164,0.35,,0.78,0.33,0.45,0.28,0.57,0.47,,,0.08,0.71,0.2,0.18,,0.49,,,0.27,
165,0.74,,0.47,0.38,0.26,0.75,0.39,0.57,,,0.68,0.52,0.43,0.46,,0.54,,,0.12,
166,0.67,,0.23,0.38,0.42,0.32,0.47,0.33,,,0.14,0.7,0.35,0.44,,0.34,,,0.47,
167,0.55,,0.44,0.54,0.11,0.48,0.57,0.71,,,0.46,0.21,0.6,0.49,,0.43,,,0.16,
168,0.52,,0.59,0.11,0.54,0.11,0.4,0.55,,,0.49,0.0,0.38,0.64,,0.45,,,0.61,
169,0.0,,0.62,0.2,0.45,0.56,0.33,0.4,,,0.68,0.29,0.17,0.76,,0.64,,,0.07,
170,0.37,,0.7,0.5,0.47,0.23,0.31,0.59,,,0.6,0.3,0.23,0.09,,0.5,,,0.07,
171,0.47,,0.51,0.44,0.16,0.38,0.62,0.21,,,0.58,0.3,0.41,0.67,,0.61,,,0.7,
172,0.21,,0.37,0.33,0.16,0.6,0.13,0.36,,,0.23,0.28,0.39,0.08,,0.0,,,0.42,
173,0.58,,0.57,0.38,0.21,0.1,0.62,0.65,,,0.4,0.43,0.4,0.29,,0.53,,,0.74,
174,0.61,,0.16,0.65,0.43,0.5,0.58,0.66,,,0.2,0.08,0.53,0.48,,0.47,,,0.51,
175,0.68,,0.55,,0.61,0.47,0.5,0.53,,,0.44,0.38,0.19,0.47,,0.53,,,0.74,
176,0.61,,0.57,,0.51,0.65,0.66,0.66,,,0.27,0.46,0.46,0.36,,0.6,,,0.4,
177,0.67,,0.43,,0.51,0.68,0.66,0.55,,,0.25,0.56,0.36,0.56,,0.45,,,0.56,
178,0.25,,0.2,,0.29,0.64,,0.5,,,0.3,0.67,0.46,0.33,,0.47,,,0.28,
179,0.61,,0.74,,0.33,0.33,,0.54,,,0.41,0.69,0.31,0.15,,0.83,,,0.16,
180,,,0.71,,0.52,0.43,,0.52,,,0.63,0.6,0.29,0.62,,0.32,,,0.62,
181,,,0.58,,0.72,0.31,,0.6,,,0.56,0.31,0.57,0.69,,0.42,,,0.51,
182,,,0.42,,0.38,0.33,,0.52,,,0.37,0.28,0.39,0.48,,0.76,,,0.48,
183,,,0.35,,0.53,0.47,,0.64,,,0.29,0.48,0.71,0.68,,0.39,,,0.0,
184,,,0.54,,0.39,0.5,,0.38,,,0.3,0.58,0.58,0.57,,0.16,,,0.73,
185,,,0.81,,0.44,0.51,,0.23,,,0.43,0.38,0.5,0.34,,0.46,,,0.48,
186,,,0.15,,0.12,0.66,,0.64,,,0.53,0.21,0.18,0.51,,0.34,,,0.49,
187,,,0.3,,0.48,0.66,,0.52,,,0.54,0.64,0.68,0.07,,0.22,,,0.5,
188,,,0.32,,0.45,0.6,,0.61,,,0.19,0.5,0.45,0.44,,0.58,,,0.47,
189,,,0.68,,0.59,0.53,,0.66,,,0.59,0.35,0.31,0.21,,0.72,,,0.44,
190,,,0.45,,0.14,0.66,,0.62,,,0.36,0.44,0.6,0.4,,0.45,,,0.25,
191,,,0.39,,0.35,0.58,,0.16,,,0.21,0.44,0.66,0.71,,0.3,,,0.73,
192,,,0.54,,0.71,0.05,,0.62,,,0.62,0.48,0.5,0.08,,0.29,,,0.43,
193,,,0.46,,0.22,0.66,,0.54,,,0.06,0.15,0.32,0.23,,0.45,,,0.13,
194,,,0.45,,0.51,0.67,,0.65,,,0.14,0.35,0.55,0.54,,0.42,,,0.34,
195,,,0.3,,0.64,0.56,,0.52,,,0.33,0.48,0.58,0.25,,0.2,,,0.41,
196,,,0.7,,0.5,0.75,,0.35,,,0.55,0.67,0.64,0.69,,0.77,,,0.54,
197,,,0.61,,0.09,0.67,,0.34,,,0.53,0.64,0.34,0.75,,0.56,,,0.71,
198,,,0.48,,0.25,0.38,,0.3,,,0.0,0.28,0.37,0.51,,0.66,,,0.15,
199,,,0.27,,0.08,0.63,,0.26,,,0.53,0.26,0.34,0.35,,0.16,,,0.66,
200,,,0.7,,0.22,0.71,,0.64,,,0.52,0.53,0.12,0.45,,0.27,,,0.56,
201,,,0.41,,0.65,0.59,,0.56,,,0.17,0.6,0.36,0.42,,0.67,,,0.46,
202,,,0.46,,0.54,0.56,,0.54,,,0.72,0.58,0.65,0.5,,0.68,,,0.51,
203,,,0.14,,0.31,0.14,,0.32,,,0.41,0.65,0.25,0.55,,0.49,,,0.5,
204,,,0.57,,0.51,0.59,,0.11,,,0.54,0.5,0.37,0.56,,0.66,,,0.42,
205,,,0.35,,0.31,0.75,,0.35,,,0.49,0.5,0.23,0.82,,0.32,,,0.22,
206,,,0.63,,0.3,0.69,,0.57,,,0.45,0.25,0.35,0.71,,0.46,,,0.63,
207,,,0.55,,0.45,0.08,,0.33,,,0.44,0.42,0.55,0.63,,0.18,,,0.75,
208,,,0.58,,0.38,0.63,,0.56,,,0.39,0.47,0.36,0.22,,0.28,,,0.62,
209,,,0.84,,0.22,0.6,,0.66,,,0.61,0.52,0.42,0.47,,0.51,,,0.6,
210,,,0.31,,0.54,0.64,,0.48,,,0.51,0.68,0.21,0.43,,0.77,,,0.36,
211,,,0.56,,0.4,0.47,,0.6,,,0.65,0.57,0.74,0.48,,0.42,,,0.58,
212,,,0.33,,0.32,0.67,,0.7,,,0.48,0.4,0.34,0.39,,0.59,,,0.58,
213,,,0.25,,0.64,0.5,,0.57,,,0.54,0.27,0.67,0.72,,0.47,,,0.39,
214,,,0.55,,0.19,0.19,,0.34,,,0.41,0.52,0.24,0.59,,0.38,,,0.24,
215,,,0.68,,0.71,0.51,,0.32,,,0.65,0.45,0.34,0.35,,0.49,,,0.68,
216,,,0.3,,0.63,0.24,,0.3,,,0.33,0.3,0.6,0.41,,0.3,,,0.71,
217,,,0.78,,0.28,0.18,,0.45,,,0.63,0.19,0.17,0.27,,0.61,,,0.37,
218,,,0.79,,0.28,0.38,,0.44,,,0.59,0.68,0.7,0.1,,0.6,,,0.25,
219,,,0.43,,0.73,0.2,,0.36,,,0.35,0.51,0.52,0.13,,0.42,,,0.76,
220,,,0.29,,0.19,0.6,,0.51,,,0.21,0.4,0.54,0.41,,0.44,,,0.56,
221,,,0.6,,0.4,0.42,,0.24,,,0.45,0.59,0.63,0.38,,0.33,,,0.74,
222,,,0.59,,0.51,0.29,,0.75,,,0.4,0.75,0.32,0.86,,0.63,,,0.48,
223,,,0.71,,0.33,0.35,,0.42,,,0.52,0.17,0.39,0.27,,0.22,,,0.33,
224,,,0.56,,0.75,0.33,,0.48,,,0.17,0.66,0.61,0.51,,0.27,,,0.62,
225,,,0.73,,0.67,0.67,,0.53,,,0.23,0.57,0.47,0.32,,0.41,,,0.0,
226,,,0.76,,0.64,0.57,,0.48,,,0.36,0.37,0.33,0.38,,0.16,,,0.5,
227,,,0.58,,0.56,0.27,,0.54,,,0.4,0.75,0.31,0.53,,0.3,,,0.15,
228,,,0.26,,0.23,0.35,,0.31,,,0.63,0.54,0.5,0.47,,0.44,,,0.6,
229,,,0.54,,0.3,0.15,,0.33,,,0.6,0.27,0.39,0.43,,0.39,,,0.59,
230,,,0.07,,0.23,0.55,,0.41,,,0.28,0.21,0.65,0.32,,0.39,,,0.68,
231,,,0.24,,0.41,0.69,,0.39,,,0.36,0.55,0.52,0.75,,0.61,,,0.68,
232,,,0.71,,0.69,0.56,,0.43,,,0.47,0.63,0.49,0.58,,0.4,,,0.56,
233,,,0.77,,0.3,0.41,,0.41,,,0.37,0.49,0.58,0.52,,0.67,,,0.66,
234,,,0.65,,0.33,0.37,,0.53,,,0.47,0.43,0.0,0.54,,0.55,,,0.15,
235,,,0.71,,0.71,0.41,,0.36,,,0.42,0.58,0.51,0.75,,0.12,,,,
236,,,0.46,,0.48,0.28,,0.53,,,0.46,0.46,0.56,0.39,,0.69,,,,
237,,,0.79,,0.4,0.26,,0.63,,,0.15,0.66,0.39,0.48,,0.71,,,,
238,,,0.71,,0.33,0.58,,0.43,,,0.5,0.54,0.33,0.4,,0.61,,,,
239,,,0.28,,,0.38,,0.67,,,0.53,0.61,0.23,0.69,,0.51,,,,
240,,,0.47,,,0.55,,0.48,,,0.28,0.49,0.42,0.62,,0.36,,,,
241,,,0.47,,,0.24,,0.57,,,0.48,0.7,0.18,0.69,,0.38,,,,
242,,,0.68,,,0.5,,0.59,,,0.41,0.57,0.67,0.15,,0.56,,,,
243,,,0.75,,,0.3,,0.57,,,0.51,0.62,0.2,0.63,,0.3,,,,
244,,,0.42,,,0.32,,0.38,,,0.39,0.26,0.51,0.21,,0.58,,,,
245,,,0.43,,,0.07,,0.51,,,0.63,0.61,0.24,,,0.15,,,,
246,,,0.64,,,0.4,,0.2,,,0.39,0.43,0.71,,,0.23,,,,
247,,,0.76,,,0.41,,0.51,,,0.48,0.29,0.4,,,0.58,,,,
248,,,0.28,,,0.69,,0.43,,,0.38,0.35,0.31,,,0.07,,,,
249,,,0.48,,,0.14,,0.3,,,0.57,0.5,0.5,,,0.51,,,,
250,,,0.33,,,0.61,,0.55,,,0.58,0.36,0.0,,,0.4,,,,
251,,,0.73,,,0.71,,0.48,,,0.39,0.5,0.56,,,0.55,,,,
252,,,0.67,,,0.29,,0.45,,,0.09,0.37,0.15,,,0.76,,,,
253,,,0.64,,,0.67,,0.36,,,0.08,0.3,0.37,,,0.39,,,,
254,,,0.5,,,0.18,,0.65,,,0.39,0.43,0.64,,,0.37,,,,
255,,,0.48,,,0.63,,0.53,,,0.19,0.19,0.4,,,0.49,,,,
256,,,0.54,,,0.54,,0.16,,,0.72,0.41,0.3,,,0.75,,,,
257,,,0.4,,,0.35,,0.36,,,0.27,0.25,0.55,,,0.35,,,,
258,,,0.72,,,0.55,,0.5,,,0.42,0.53,0.21,,,0.44,,,,
259,,,0.5,,,0.49,,0.72,,,0.4,0.71,0.17,,,0.22,,,,
260,,,0.85,,,0.64,,0.58,,,0.41,0.09,0.52,,,0.29,,,,
261,,,0.37,,,0.37,,0.75,,,0.19,0.54,0.78,,,0.43,,,,
262,,,0.82,,,0.59,,0.61,,,0.3,0.21,0.22,,,0.41,,,,
263,,,0.26,,,0.14,,0.6,,,0.36,0.56,0.59,,,0.53,,,,
264,,,0.73,,,0.55,,0.66,,,0.57,0.58,0.49,,,0.47,,,,
265,,,0.53,,,0.18,,0.45,,,0.14,0.65,0.21,,,0.64,,,,
266,,,0.48,,,0.39,,0.67,,,0.09,0.66,0.6,,,0.59,,,,
267,,,0.22,,,0.54,,0.5,,,0.39,0.47,0.7,,,0.52,,,,
268,,,0.44,,,0.53,,0.37,,,0.39,0.57,0.59,,,0.68,,,,
269,,,0.37,,,0.56,,0.28,,,0.69,0.56,0.11,,,0.59,,,,
270,,,0.5,,,0.41,,0.62,,,0.27,0.6,0.71,,,0.58,,,,
271,,,0.48,,,0.27,,0.55,,,0.2,0.22,0.48,,,0.36,,,,
272,,,0.78,,,0.56,,0.71,,,0.48,0.27,0.4,,,0.54,,,,
273,,,0.76,,,0.18,,0.55,,,0.5,0.48,0.43,,,0.55,,,,
274,,,0.54,,,0.68,,0.49,,,0.5,0.52,0.43,,,0.23,,,,
275,,,0.21,,,0.33,,0.6,,,0.49,0.4,0.46,,,0.43,,,,
276,,,0.32,,,0.36,,0.55,,,0.31,0.69,0.45,,,0.52,,,,
277,,,0.4,,,0.37,,0.44,,,0.22,0.4,0.24,,,0.31,,,,
278,,,0.66,,,0.59,,0.39,,,0.35,0.62,0.37,,,0.6,,,,
279,,,0.39,,,0.54,,0.44,,,0.3,0.26,0.48,,,0.71,,,,
280,,,0.58,,,0.36,,0.67,,,0.3,0.54,0.77,,,0.53,,,,
281,,,0.4,,,0.56,,0.55,,,0.53,0.4,0.58,,,0.67,,,,
282,,,0.51,,,0.63,,0.7,,,0.56,0.52,0.82,,,0.39,,,,
283,,,0.81,,,0.38,,0.46,,,0.75,0.3,0.5,,,0.63,,,,
284,,,0.65,,,0.65,,0.08,,,0.3,0.36,0.46,,,0.69,,,,
285,,,0.59,,,0.31,,0.74,,,0.26,0.41,0.3,,,0.31,,,,
286,,,0.33,,,0.55,,0.6,,,0.35,0.43,0.46,,,0.65,,,,
287,,,0.44,,,0.21,,0.45,,,0.6,0.58,0.17,,,0.14,,,,
288,,,0.36,,,0.59,,0.33,,,0.52,0.14,0.14,,,0.55,,,,
289,,,0.58,,,0.47,,0.64,,,0.29,0.77,0.38,,,0.59,,,,
290,,,0.69,,,0.43,,0.53,,,0.58,0.35,0.6,,,0.6,,,,
291,,,0.42,,,0.16,,0.56,,,0.33,0.48,0.33,,,0.53,,,,
292,,,0.48,,,0.66,,0.33,,,0.4,0.4,0.71,,,0.44,,,,
293,,,0.38,,,0.71,,0.78,,,0.05,0.38,0.5,,,0.64,,,,
294,,,0.74,,,0.42,,0.67,,,0.46,0.32,0.64,,,0.29,,,,
295,,,0.58,,,0.5,,0.31,,,0.62,0.69,0.55,,,0.58,,,,
296,,,0.26,,,0.41,,0.55,,,0.05,0.35,0.12,,,0.35,,,,
297,,,0.47,,,0.44,,0.23,,,0.32,0.18,0.76,,,0.67,,,,
298,,,0.73,,,0.12,,0.6,,,0.08,0.21,0.44,,,0.38,,,,
299,,,0.48,,,0.29,,0.5,,,0.32,0.42,0.55,,,0.26,,,,
300,,,0.23,,,0.56,,0.66,,,0.23,0.26,0.6,,,0.68,,,,
301,,,0.72,,,0.48,,0.49,,,0.51,0.76,0.27,,,0.3,,,,
302,,,0.63,,,0.29,,0.34,,,0.44,0.73,0.59,,,0.57,,,,
303,,,0.28,,,0.5,,0.2,,,0.2,0.69,0.31,,,0.35,,,,
304,,,0.32,,,0.27,,0.75,,,0.58,0.59,0.37,,,0.53,,,,
305,,,0.68,,,0.4,,0.62,,,0.73,0.61,0.37,,,0.21,,,,
306,,,0.71,,,0.55,,0.35,,,0.5,0.18,0.75,,,0.7,,,,
307,,,0.59,,,0.62,,0.44,,,0.28,0.38,0.46,,,0.72,,,,
308,,,0.31,,,0.35,,0.26,,,0.49,0.37,0.41,,,0.53,,,,
309,,,0.41,,,0.37,,0.64,,,0.35,0.46,0.56,,,0.4,,,,
310,,,0.45,,,0.49,,0.55,,,0.2,0.38,0.33,,,0.31,,,,
311,,,0.68,,,0.27,,0.49,,,0.36,0.54,0.74,,,0.44,,,,
312,,,0.66,,,0.66,,0.71,,,0.49,0.54,0.45,,,0.2,,,,
313,,,0.26,,,0.73,,0.51,,,0.65,0.38,0.27,,,0.29,,,,
314,,,0.39,,,0.53,,0.65,,,0.4,0.58,0.12,,,0.34,,,,
315,,,0.31,,,0.6,,0.5,,,0.56,0.28,0.53,,,0.4,,,,
316,,,0.25,,,0.41,,0.27,,,0.25,0.42,0.36,,,0.7,,,,
317,,,0.68,,,0.46,,0.62,,,0.5,0.62,0.65,,,0.43,,,,
318,,,0.69,,,0.62,,0.52,,,0.54,0.54,0.28,,,0.45,,,,
319,,,0.31,,,0.3,,,,,0.78,0.52,0.47,,,0.46,,,,
320,,,0.44,,,0.35,,,,,0.46,0.13,0.3,,,0.46,,,,
321,,,0.39,,,0.74,,,,,0.55,0.6,0.55,,,0.26,,,,
322,,,0.42,,,0.11,,,,,0.44,0.5,0.45,,,0.08,,,,
323,,,0.48,,,0.17,,,,,0.42,0.66,0.66,,,0.15,,,,
324,,,0.16,,,0.36,,,,,0.08,0.58,0.26,,,0.71,,,,
325,,,,,,0.47,,,,,0.39,0.33,0.42,,,0.56,,,,
326,,,,,,0.61,,,,,0.27,0.59,0.15,,,0.6,,,,
327,,,,,,0.24,,,,,0.31,0.52,0.53,,,0.41,,,,
328,,,,,,0.55,,,,,0.44,0.11,0.8,,,0.57,,,,
329,,,,,,0.24,,,,,0.0,0.51,0.47,,,0.38,,,,
330,,,,,,0.4,,,,,0.15,0.37,0.44,,,0.6,,,,
331,,,,,,0.57,,,,,0.86,0.09,0.23,,,0.11,,,,
332,,,,,,0.59,,,,,0.45,0.32,0.49,,,0.37,,,,
333,,,,,,0.37,,,,,0.46,0.22,0.54,,,0.62,,,,
334,,,,,,0.3,,,,,0.47,0.5,0.49,,,0.62,,,,
335,,,,,,0.61,,,,,0.09,0.4,0.61,,,0.32,,,,
336,,,,,,0.61,,,,,0.1,0.25,0.54,,,0.41,,,,
337,,,,,,0.51,,,,,0.08,0.71,0.5,,,0.69,,,,
338,,,,,,0.43,,,,,0.35,0.36,0.55,,,0.23,,,,
339,,,,,,0.46,,,,,0.37,0.54,0.27,,,0.17,,,,
340,,,,,,0.6,,,,,0.46,0.68,0.46,,,0.41,,,,
341,,,,,,0.12,,,,,0.14,0.5,0.56,,,0.58,,,,
342,,,,,,0.62,,,,,0.12,0.35,0.48,,,0.47,,,,
343,,,,,,0.65,,,,,0.57,0.45,0.32,,,0.65,,,,
344,,,,,,0.29,,,,,0.42,0.28,0.63,,,0.25,,,,
345,,,,,,0.27,,,,,0.41,0.47,0.35,,,0.39,,,,
346,,,,,,0.77,,,,,0.46,0.38,0.42,,,0.45,,,,
347,,,,,,0.75,,,,,0.33,0.57,0.19,,,0.38,,,,
348,,,,,,0.55,,,,,0.22,0.61,0.26,,,0.48,,,,
349,,,,,,0.66,,,,,0.49,0.44,0.27,,,0.5,,,,
350,,,,,,0.32,,,,,0.24,0.62,0.64,,,,,,,
351,,,,,,0.59,,,,,0.08,0.2,0.45,,,,,,,
352,,,,,,0.48,,,,,0.24,0.46,0.21,,,,,,,
353,,,,,,0.6,,,,,0.14,0.26,0.54,,,,,,,
354,,,,,,0.36,,,,,0.58,0.63,0.54,,,,,,,
355,,,,,,0.78,,,,,0.43,0.26,0.23,,,,,,,
356,,,,,,0.4,,,,,0.38,0.67,0.6,,,,,,,
357,,,,,,0.27,,,,,0.49,0.33,0.46,,,,,,,
358,,,,,,0.07,,,,,0.37,0.41,0.33,,,,,,,
359,,,,,,0.66,,,,,0.33,0.09,0.33,,,,,,,
360,,,,,,0.62,,,,,0.52,0.46,0.21,,,,,,,
361,,,,,,0.38,,,,,0.3,0.48,0.32,,,,,,,
362,,,,,,0.36,,,,,0.0,0.08,0.54,,,,,,,
363,,,,,,0.37,,,,,0.24,0.76,0.63,,,,,,,
364,,,,,,0.64,,,,,0.47,0.34,0.15,,,,,,,
365,,,,,,0.46,,,,,0.32,0.23,0.54,,,,,,,
366,,,,,,0.38,,,,,0.37,0.21,0.47,,,,,,,
367,,,,,,0.37,,,,,0.69,0.57,0.63,,,,,,,
368,,,,,,0.43,,,,,0.47,0.51,0.18,,,,,,,
369,,,,,,0.17,,,,,0.64,0.68,0.58,,,,,,,
370,,,,,,0.57,,,,,0.87,0.36,0.33,,,,,,,
371,,,,,,0.26,,,,,0.32,0.43,0.56,,,,,,,
372,,,,,,0.32,,,,,0.55,0.41,0.3,,,,,,,
373,,,,,,0.51,,,,,0.36,0.57,0.37,,,,,,,
374,,,,,,0.2,,,,,0.3,0.35,0.24,,,,,,,
375,,,,,,0.5,,,,,0.34,0.45,0.45,,,,,,,
376,,,,,,0.43,,,,,0.54,0.45,0.22,,,,,,,
377,,,,,,0.4,,,,,0.49,0.78,0.53,,,,,,,
378,,,,,,0.66,,,,,0.33,0.62,0.41,,,,,,,
379,,,,,,0.02,,,,,0.21,0.56,0.41,,,,,,,
380,,,,,,0.17,,,,,0.26,0.0,0.39,,,,,,,
381,,,,,,0.7,,,,,0.36,0.49,0.56,,,,,,,
382,,,,,,0.61,,,,,0.47,0.41,0.45,,,,,,,
383,,,,,,0.53,,,,,0.11,0.71,0.51,,,,,,,
384,,,,,,0.38,,,,,0.44,0.45,0.74,,,,,,,
385,,,,,,0.48,,,,,0.25,0.39,0.45,,,,,,,
386,,,,,,0.69,,,,,0.52,0.63,0.57,,,,,,,
387,,,,,,0.36,,,,,0.2,0.24,0.34,,,,,,,
388,,,,,,0.33,,,,,0.47,0.31,0.51,,,,,,,
389,,,,,,0.1,,,,,0.25,0.43,0.44,,,,,,,
390,,,,,,0.66,,,,,0.44,0.38,0.59,,,,,,,
391,,,,,,0.46,,,,,0.0,0.71,0.57,,,,,,,
392,,,,,,0.09,,,,,0.61,0.49,0.57,,,,,,,
393,,,,,,0.15,,,,,0.63,0.75,0.28,,,,,,,
394,,,,,,0.53,,,,,0.5,0.5,0.34,,,,,,,
395,,,,,,0.51,,,,,0.36,0.76,0.41,,,,,,,
396,,,,,,0.39,,,,,0.68,0.19,0.66,,,,,,,
397,,,,,,0.71,,,,,0.36,0.5,0.62,,,,,,,
398,,,,,,0.33,,,,,0.38,0.64,0.27,,,,,,,
399,,,,,,0.3,,,,,0.35,0.49,,,,,,,,
400,,,,,,0.6,,,,,0.44,0.4,,,,,,,,
401,,,,,,0.64,,,,,0.43,0.48,,,,,,,,
402,,,,,,0.32,,,,,0.45,0.59,,,,,,,,
403,,,,,,0.66,,,,,0.44,0.52,,,,,,,,
404,,,,,,0.5,,,,,0.59,0.44,,,,,,,,
405,,,,,,0.23,,,,,0.54,0.64,,,,,,,,
406,,,,,,0.69,,,,,0.36,0.46,,,,,,,,
407,,,,,,0.19,,,,,0.5,0.29,,,,,,,,
408,,,,,,0.49,,,,,0.52,0.54,,,,,,,,
409,,,,,,0.32,,,,,0.41,0.4,,,,,,,,
410,,,,,,0.33,,,,,0.7,0.23,,,,,,,,
411,,,,,,0.19,,,,,0.52,0.55,,,,,,,,
412,,,,,,0.58,,,,,0.46,0.46,,,,,,,,
413,,,,,,0.51,,,,,0.58,0.34,,,,,,,,
414,,,,,,0.35,,,,,0.18,0.43,,,,,,,,
415,,,,,,0.07,,,,,0.71,0.45,,,,,,,,
416,,,,,,0.41,,,,,0.0,0.57,,,,,,,,
417,,,,,,0.77,,,,,0.41,0.63,,,,,,,,
418,,,,,,0.63,,,,,0.49,0.5,,,,,,,,
419,,,,,,0.39,,,,,0.22,0.43,,,,,,,,
420,,,,,,0.31,,,,,0.57,0.36,,,,,,,,
421,,,,,,0.25,,,,,0.44,0.51,,,,,,,,
422,,,,,,0.25,,,,,0.22,0.5,,,,,,,,
423,,,,,,0.17,,,,,0.58,0.64,,,,,,,,
424,,,,,,0.3,,,,,0.33,0.28,,,,,,,,
425,,,,,,0.21,,,,,0.63,0.47,,,,,,,,
426,,,,,,0.18,,,,,0.45,0.68,,,,,,,,
427,,,,,,0.68,,,,,0.41,0.32,,,,,,,,
428,,,,,,0.41,,,,,0.61,0.64,,,,,,,,
429,,,,,,0.63,,,,,0.25,0.55,,,,,,,,
430,,,,,,0.39,,,,,0.53,0.67,,,,,,,,
431,,,,,,0.76,,,,,0.58,0.72,,,,,,,,
432,,,,,,0.5,,,,,0.58,0.67,,,,,,,,
433,,,,,,0.33,,,,,0.5,0.2,,,,,,,,
434,,,,,,0.24,,,,,0.57,0.36,,,,,,,,
435,,,,,,0.64,,,,,0.13,0.32,,,,,,,,
436,,,,,,0.32,,,,,0.44,0.16,,,,,,,,
437,,,,,,0.62,,,,,0.34,0.57,,,,,,,,
438,,,,,,0.78,,,,,0.28,0.11,,,,,,,,
439,,,,,,,,,,,0.44,0.64,,,,,,,,
440,,,,,,,,,,,0.2,0.68,,,,,,,,
441,,,,,,,,,,,0.48,0.42,,,,,,,,
442,,,,,,,,,,,0.47,0.73,,,,,,,,
443,,,,,,,,,,,0.56,0.38,,,,,,,,
444,,,,,,,,,,,0.18,0.37,,,,,,,,
445,,,,,,,,,,,0.5,0.7,,,,,,,,
446,,,,,,,,,,,0.54,0.21,,,,,,,,
447,,,,,,,,,,,0.4,0.28,,,,,,,,
448,,,,,,,,,,,0.41,0.72,,,,,,,,
449,,,,,,,,,,,0.35,0.68,,,,,,,,
450,,,,,,,,,,,0.51,0.26,,,,,,,,
451,,,,,,,,,,,0.6,0.58,,,,,,,,
452,,,,,,,,,,,0.28,0.6,,,,,,,,
453,,,,,,,,,,,0.36,0.23,,,,,,,,
454,,,,,,,,,,,0.3,0.3,,,,,,,,
455,,,,,,,,,,,0.23,0.69,,,,,,,,
456,,,,,,,,,,,0.11,0.6,,,,,,,,
457,,,,,,,,,,,0.6,0.44,,,,,,,,
458,,,,,,,,,,,0.36,0.7,,,,,,,,
459,,,,,,,,,,,0.64,0.34,,,,,,,,
460,,,,,,,,,,,0.49,0.47,,,,,,,,
461,,,,,,,,,,,0.61,0.23,,,,,,,,
462,,,,,,,,,,,0.27,0.6,,,,,,,,
463,,,,,,,,,,,0.53,0.64,,,,,,,,
464,,,,,,,,,,,0.41,0.53,,,,,,,,
465,,,,,,,,,,,0.0,0.11,,,,,,,,
466,,,,,,,,,,,0.46,0.63,,,,,,,,
467,,,,,,,,,,,0.66,0.42,,,,,,,,
468,,,,,,,,,,,0.48,0.56,,,,,,,,
469,,,,,,,,,,,0.61,,,,,,,,,
470,,,,,,,,,,,0.61,,,,,,,,,
471,,,,,,,,,,,0.17,,,,,,,,,
472,,,,,,,,,,,0.32,,,,,,,,,
473,,,,,,,,,,,0.3,,,,,,,,,
474,,,,,,,,,,,0.45,,,,,,,,,
475,,,,,,,,,,,0.45,,,,,,,,,
476,,,,,,,,,,,0.27,,,,,,,,,
477,,,,,,,,,,,0.52,,,,,,,,,
478,,,,,,,,,,,0.42,,,,,,,,,
479,,,,,,,,,,,0.42,,,,,,,,,
480,,,,,,,,,,,0.6,,,,,,,,,
481,,,,,,,,,,,0.59,,,,,,,,,
482,,,,,,,,,,,0.36,,,,,,,,,
483,,,,,,,,,,,0.29,,,,,,,,,
484,,,,,,,,,,,0.47,,,,,,,,,
485,,,,,,,,,,,0.25,,,,,,,,,
486,,,,,,,,,,,0.61,,,,,,,,,
487,,,,,,,,,,,0.51,,,,,,,,,
488,,,,,,,,,,,0.44,,,,,,,,,
489,,,,,,,,,,,0.35,,,,,,,,,
490,,,,,,,,,,,0.5,,,,,,,,,
491,,,,,,,,,,,0.41,,,,,,,,,
492,,,,,,,,,,,0.28,,,,,,,,,
493,,,,,,,,,,,0.2,,,,,,,,,
494,,,,,,,,,,,0.5,,,,,,,,,
495,,,,,,,,,,,0.5,,,,,,,,,
496,,,,,,,,,,,0.4,,,,,,,,,
497,,,,,,,,,,,0.58,,,,,,,,,
498,,,,,,,,,,,0.38,,,,,,,,,
499,,,,,,,,,,,0.12,,,,,,,,,
500,,,,,,,,,,,0.31,,,,,,,,,
501,,,,,,,,,,,0.58,,,,,,,,,
502,,,,,,,,,,,0.31,,,,,,,,,
503,,,,,,,,,,,0.47,,,,,,,,,
504,,,,,,,,,,,0.1,,,,,,,,,
505,,,,,,,,,,,0.23,,,,,,,,,
506,,,,,,,,,,,0.76,,,,,,,,,
507,,,,,,,,,,,0.72,,,,,,,,,
508,,,,,,,,,,,0.15,,,,,,,,,
509,,,,,,,,,,,0.27,,,,,,,,,
510,,,,,,,,,,,0.63,,,,,,,,,
511,,,,,,,,,,,0.65,,,,,,,,,
512,,,,,,,,,,,0.35,,,,,,,,,
513,,,,,,,,,,,0.52,,,,,,,,,
514,,,,,,,,,,,0.41,,,,,,,,,
515,,,,,,,,,,,0.3,,,,,,,,,
516,,,,,,,,,,,0.14,,,,,,,,,
517,,,,,,,,,,,0.43,,,,,,,,,
518,,,,,,,,,,,0.4,,,,,,,,,
519,,,,,,,,,,,0.47,,,,,,,,,
520,,,,,,,,,,,0.53,,,,,,,,,
521,,,,,,,,,,,0.29,,,,,,,,,
522,,,,,,,,,,,0.34,,,,,,,,,
523,,,,,,,,,,,0.36,,,,,,,,,
524,,,,,,,,,,,0.73,,,,,,,,,
525,,,,,,,,,,,0.38,,,,,,,,,
526,,,,,,,,,,,0.58,,,,,,,,,
527,,,,,,,,,,,0.15,,,,,,,,,
528,,,,,,,,,,,0.46,,,,,,,,,
529,,,,,,,,,,,0.53,,,,,,,,,
530,,,,,,,,,,,0.6,,,,,,,,,
531,,,,,,,,,,,0.35,,,,,,,,,
532,,,,,,,,,,,0.24,,,,,,,,,
533,,,,,,,,,,,0.55,,,,,,,,,
534,,,,,,,,,,,0.19,,,,,,,,,
535,,,,,,,,,,,0.24,,,,,,,,,
536,,,,,,,,,,,0.55,,,,,,,,,
537,,,,,,,,,,,0.22,,,,,,,,,
538,,,,,,,,,,,0.4,,,,,,,,,
539,,,,,,,,,,,0.63,,,,,,,,,
540,,,,,,,,,,,0.34,,,,,,,,,
541,,,,,,,,,,,0.33,,,,,,,,,
542,,,,,,,,,,,0.2,,,,,,,,,
543,,,,,,,,,,,0.41,,,,,,,,,
544,,,,,,,,,,,0.35,,,,,,,,,
545,,,,,,,,,,,0.18,,,,,,,,,
546,,,,,,,,,,,0.49,,,,,,,,,
547,,,,,,,,,,,0.45,,,,,,,,,
548,,,,,,,,,,,0.64,,,,,,,,,
549,,,,,,,,,,,0.41,,,,,,,,,
550,,,,,,,,,,,0.49,,,,,,,,,
551,,,,,,,,,,,0.35,,,,,,,,,
552,,,,,,,,,,,0.32,,,,,,,,,
553,,,,,,,,,,,0.1,,,,,,,,,
554,,,,,,,,,,,0.27,,,,,,,,,
555,,,,,,,,,,,0.14,,,,,,,,,
556,,,,,,,,,,,0.52,,,,,,,,,
557,,,,,,,,,,,0.31,,,,,,,,,
558,,,,,,,,,,,0.59,,,,,,,,,
559,,,,,,,,,,,0.35,,,,,,,,,
560,,,,,,,,,,,0.58,,,,,,,,,
561,,,,,,,,,,,0.44,,,,,,,,,
562,,,,,,,,,,,0.34,,,,,,,,,
563,,,,,,,,,,,0.23,,,,,,,,,
564,,,,,,,,,,,0.57,,,,,,,,,
565,,,,,,,,,,,0.49,,,,,,,,,
566,,,,,,,,,,,0.34,,,,,,,,,
567,,,,,,,,,,,0.35,,,,,,,,,
568,,,,,,,,,,,0.71,,,,,,,,,
569,,,,,,,,,,,0.44,,,,,,,,,
570,,,,,,,,,,,0.44,,,,,,,,,
571,,,,,,,,,,,0.68,,,,,,,,,
572,,,,,,,,,,,0.27,,,,,,,,,
573,,,,,,,,,,,0.52,,,,,,,,,
574,,,,,,,,,,,0.83,,,,,,,,,
575,,,,,,,,,,,0.13,,,,,,,,,
576,,,,,,,,,,,0.49,,,,,,,,,
577,,,,,,,,,,,0.41,,,,,,,,,
578,,,,,,,,,,,0.68,,,,,,,,,
579,,,,,,,,,,,0.37,,,,,,,,,
580,,,,,,,,,,,0.62,,,,,,,,,
581,,,,,,,,,,,0.29,,,,,,,,,
582,,,,,,,,,,,0.59,,,,,,,,,
583,,,,,,,,,,,0.66,,,,,,,,,
584,,,,,,,,,,,0.38,,,,,,,,,
585,,,,,,,,,,,0.67,,,,,,,,,
