0486052bb.json,095bf7a1f.json,1e2425f28.json,26dc41664.json,2ec3f1bb9.json,2f6ecfcdf.json,3589adb90.json,4ef6695ce.json,54f2eec69.json,57512b7f1.json,8242609fa.json,aa05346ff.json,aaa6a05cc.json,afa5e8098.json,b2dc8411c.json,b9a3865fc.json,c68fe75ea.json,cb2d976f4.json,d488c759a.json,e79de561c.json
39079.496625,41656.6025,25243.7575,29951.98,15631.654999999999,30759.267499999998,15640.730300000001,29252.1825,34867.375,18086.7925,17876.82,40825.0,15458.43,12495.545,30030.818349999998,14194.8846,45627.0,36132.550675,17963.5,22341.625
41001.935,43075.0625,23595.25,30787.42,24370.43375,10507.9975,26629.54125,13775.7925,12663.15,15240.465,36374.212224999996,57069.075,19595.748575,32685.0,15284.99375,17897.73375,31566.625,34579.72375,8819.105,26113.125
42415.412975,31749.7575,36646.625,26108.27,11606.962249999999,28433.8275,24977.14375,20913.81,37035.25,32150.4675,27287.79625,5717.1975,19505.98,19334.1975,23039.55875,7465.3637499999995,16251.8925,23687.872325,34419.7275,19233.625
29299.74125,34325.5625,29883.2475,15797.625,11790.027274999999,18994.66205,6123.715,30714.1225,43828.625,23810.7975,32400.89125,22509.5,20209.02,14220.0,15220.5625,24319.31125,32345.875,30667.79625,12901.51,31691.875
13338.95875,27329.7825,24615.5,24642.105,10710.375,25958.150725,18172.78125,29964.9225,22849.875,27046.7475,25367.80415,37014.9025,20107.40875,11533.055,11567.41625,29508.03375,34477.375,18140.7642,12916.09,23894.1125
13126.23,32227.8375,30923.25,7321.2375,11496.436249999999,37407.7275,34233.485,35480.8525,17055.875,10173.6675,26598.69875,41046.0,20713.066725,32754.1825,18435.62695,19424.64875,22607.375,8830.03875,45506.29,23318.0
32345.3325,17545.815,18815.875,29868.125,13720.379074999999,24670.974899999997,36454.52525,24918.0,36698.0,17278.96,22232.372499999998,35816.49,21753.89125,46183.14,28185.82,19981.92625,18866.625,54239.49375,8911.375,17852.5
19957.42125,49550.875,8735.25,33089.5,18251.5775,16319.856799999998,43924.371725,32334.6575,28218.215,18617.6225,23953.76425,11085.375,20529.274999999998,40521.815,11799.58,31946.040424999996,39737.75,28272.855,19006.75,15675.75
41298.039899999996,15099.6175,14708.875,31242.445,37739.17875,14093.438124999999,27386.45,34523.5975,15179.125,14658.0425,31653.06625,15141.5375,23442.62375,27004.8225,11010.7725,25772.9225,31363.75,42748.338749999995,19164.305,22239.625
41812.29,30378.125,27781.0,26301.0,5849.102675,13297.9509,28243.49125,22707.275,27122.625,27659.43,31696.021825,12825.1225,24691.111249999998,21240.5,8779.9725,23157.6475,7998.625,53948.94895,11003.875,28566.665
53560.8827,35802.625,26531.315,25003.125,7452.43525,25780.73875,28699.157499999998,26284.375,15051.125,14657.2725,23489.7325,35134.75,24025.885,32156.625,19100.591249999998,21726.00625,15163.875,16509.170599999998,12243.125,15341.0475
44125.68875,24042.75,42776.505,20762.25,36881.879775,29073.28125,22775.285,29781.56,15406.485,13815.8375,13164.335275,17299.25,17744.78875,32058.2525,16205.41,34587.54,26753.25,27856.692499999997,19781.375,10983.125
47169.167499999996,24136.25,19994.8925,21904.9225,29522.453675,14801.4425,24273.83335,6224.6,13413.625,29194.8625,10588.090825,31570.75,14686.454899999999,27725.55,26890.0125,53859.864825,18045.485,33803.16875,10314.875,16470.14
8252.848825,30767.625,21092.75,25554.625,15885.78875,12849.124925,31161.68185,27321.875,25435.5,17675.1975,29152.0775,20439.89,27424.052499999998,31641.25,13859.7238,8621.74625,22735.4925,36125.862499999996,13292.3875,23932.0
27024.481574999998,33114.0,28406.25,19859.1225,32774.16155,17331.262649999997,16224.422499999999,30296.8,32203.125,25207.86,28897.694475,47973.4175,13900.672499999999,17454.75,17926.46375,18915.11375,28309.625,48771.857875,13680.5075,22811.615
42595.182499999995,32774.715,37008.1125,38028.3375,19477.88375,13747.516249999999,29284.53125,18090.555,26030.425,26934.0225,26399.278749999998,24820.09,23648.824875000002,37743.32,24362.54145,26937.12125,12876.0,8438.19535,14130.9175,10475.875
80003.29024999999,28193.875,38436.355,25205.375,28087.8,15472.7781,25290.427499999998,32716.375,28960.75,24966.5975,24037.50375,45732.25,11969.28135,37684.7575,17387.142499999998,8023.811575,43543.0,17705.276550000002,8333.4325,19751.125
23744.5,36910.875,33835.77,40202.2825,15199.154425,26873.74625,17848.30125,24070.125,18274.625,27573.4725,32231.515225,29831.9075,10317.031724999999,38821.875,13195.731249999999,11297.016249999999,20756.625,33494.74375,42994.99,14147.3
45199.895,33298.1325,34831.4625,19308.875,43165.975775,25516.215725000002,45259.94915,40659.375,29860.25,14049.785,25012.844999999998,26738.8775,8315.471775,30671.57,15989.457575,23516.35,28847.875,21949.2975,37945.125,14827.375
16550.7953,20509.5,25714.8725,28808.215,21130.70375,29247.985,23575.014124999998,38985.8575,24763.0,35994.95,22109.619349999997,24491.875,13325.86125,36008.7425,7441.492499999999,34787.59375,27747.625,34064.9075,40005.875,24063.0
36736.99185,43535.25,31974.5,26094.75,17958.3963,7227.010374999999,19609.28125,26838.0,22332.875,15508.0,20263.31125,41769.125,37797.48375,31587.625,10414.625,20675.67125,12725.875,14749.905949999998,9126.5,8323.12
33046.47125,15536.375,20201.375,30080.625,46182.177924999996,5219.77625,7901.80625,30213.375,36151.0,20438.5775,37822.538,18204.035,17390.31125,38614.75,17520.01875,25065.44625,20253.6775,45025.888374999995,19457.635,22413.875
38574.25,34648.125,35042.205,27402.625,30611.392499999998,14016.543125,10872.914975,29209.9,16634.25,19987.335,14535.2675,32534.125,15454.627499999999,41396.075,16625.8313,27584.39125,49255.25,32920.354999999996,33991.375,23754.25
36918.261249999996,34786.625,36694.5425,13917.125,22396.230675,33999.8425,19992.91125,14825.755,9972.5,32261.0625,22885.5575,42704.5,22933.7225,32141.0175,10014.88085,30756.7325,28157.375,52986.78125,54527.0,21651.5
43609.182499999995,17192.63,22469.875,30382.8025,25517.124099999997,5078.395075,27241.954999999998,9867.6975,18548.25,29275.4075,7692.0983750000005,32739.75,20749.18625,26745.0,21520.8825,29336.71,25273.0,29540.545124999997,10678.25,28826.125
37726.081249999996,17986.875,13158.0125,23758.8375,29349.8075,21836.278749999998,31275.5625,26853.0325,27860.125,23013.895,28065.424399999996,14362.25,16821.415,41693.9125,22729.655,19337.001125,35215.0,17327.57,7154.5525,23647.125
15000.8625,29400.535,18966.5375,26283.565,40810.327025,10774.430225,24872.503175,21781.4725,19432.75,28834.8975,26171.973749999997,35164.445,22618.96,25957.675,14004.185,21286.60625,31870.75,52420.301699999996,12381.5,12677.25
29851.52625,16310.18,17517.5,10605.625,38361.6311,22471.29625,18101.59,31776.0475,21085.375,27853.3125,31047.577275,14390.2075,13170.3897,34414.375,17543.045,20053.32875,16208.2475,24697.02625,41215.125,19026.125
41222.691249999996,14120.375,30932.6,21807.75,26136.48375,16584.1559,10191.75625,26968.0725,36090.0,35486.9325,10687.137499999999,25982.0,14218.8826,31986.625,20548.71,11646.00125,21387.975,16304.4778,11997.25,13544.75
8189.3175,37474.75,32919.875,12764.835,30543.788275000003,7217.867474999999,13887.9975,15202.465,21274.5,38735.0375,14080.86875,41952.75,10647.422499999999,19097.75,11591.92125,36441.0475,14996.35,15207.9044,5043.2825,6597.265
22220.12,36841.92,28080.0,29740.75,21404.06125,21707.204999999998,13133.835,20193.25,22284.285,32520.995,22922.52625,14007.3775,12229.05125,26137.715,6344.483925,33227.09,34935.2525,29298.2625,7825.5,14971.0
15932.8975,35798.6125,28953.875,20292.625,31553.132325,30208.112025000002,17590.99875,35177.25,14871.375,31194.6,34012.5175,48145.25,28225.74625,34149.0,17736.1275,33332.92625,24215.6775,41281.63,14065.5525,37745.3475
42916.6374,37550.9275,33314.5,32416.75,62089.5691,16658.629975,24965.75315,31009.735,20959.905,36662.4575,16461.4112,9037.8725,15354.283749999999,36148.625,21380.82375,31078.677499999998,40949.625,13300.93375,11391.4275,11731.5
20190.349725,15645.615,17367.0175,22721.0,14028.905475,33440.887675,16339.258,38132.255,21307.0,17005.595,32215.067299999995,32482.5325,27399.969999999998,38833.625,19570.833749999998,22773.594999999998,29053.285,19026.23125,29466.88,36834.25
29117.01,9753.805,20420.5,28607.125,13011.52125,19272.1685,24820.662425,9951.415,10553.5,22322.5525,26133.775524999997,15386.5,17128.39505,20416.18,14802.71,12148.0918,18352.625,23568.95125,19728.1575,27107.7275
10524.0525,30188.345,21013.065,22848.7075,15182.115,18975.053825,27822.0475,25656.005,35964.25,32614.6725,16511.93375,37925.875,21843.03875,31478.875,10086.841049999999,27461.86625,14234.86,33553.47125,32830.5,10778.625
7146.79875,22193.25,35271.5,16077.2975,24206.592474999998,31876.21385,34718.72625,23876.125,19057.875,5494.4625,19709.798225000002,39433.875,14093.00295,22749.5,21682.91125,24531.6175,24578.125,27717.47875,14919.875,18735.5
30563.227499999997,11643.8575,13285.8625,25365.9,16475.024149999997,16667.625,31204.37125,29146.225,25649.0,9278.46,27265.353049999998,24283.935,8401.15055,25162.625,17884.0025,20865.842725,37340.375,15999.44125,45030.5,18723.875
30325.769825,33813.21,30481.0375,31901.125,14653.077399999998,34524.5875,31778.26145,27420.45,16350.25,38068.485,14857.089974999999,26281.8675,22389.33125,11988.6925,17140.825,38269.41625,20429.125,14422.0375,31685.0,12694.875
10834.678725,24981.1875,30795.915,41030.0,31343.318825,13760.368699999999,32012.825,34422.42,15732.25,9980.76,10246.47,37048.74,19356.516399999997,29806.0,18487.54375,15187.185,31036.875,14939.971799999998,8042.8325,26585.125
31679.68375,15879.8425,31971.625,27734.2475,10233.892174999999,10303.997599999999,35198.0525,28840.6175,39844.875,37252.095,22741.69625,38579.375,21755.7925,11829.71,21478.0241,27008.10125,5744.375,42701.876424999995,9350.625,33185.25
42877.835,25467.125,19391.875,23132.28,13343.154175,11976.037125,26004.66375,44110.5275,27378.375,28896.25,22251.59625,35965.375,13017.6475,45360.125,23112.9301,29828.914049999996,26254.5,43350.189999999995,21118.875,14528.25
19745.896624999998,24142.6525,35599.9275,11333.375,15489.695,12665.91625,29154.19,28624.6675,27307.875,23370.265,31019.31625,13950.0,15443.85375,22010.21,21761.07375,22087.39585,41722.0,49052.676725,10039.41,12241.375
26691.957175,29590.625,17729.4225,22620.5,33376.278975,29109.3881,13285.09,10751.95,38053.5,18852.775,34410.935,27426.375,21576.217325,37126.75,23327.07,15598.699999999999,34976.75,35788.91875,52046.605,14955.25
14612.79625,23098.625,20897.625,24004.25,16320.203249999999,15469.647375,18472.333749999998,34104.25,24169.375,15172.7775,34730.302749999995,36675.0025,13836.313074999998,19393.125,11978.766475,23698.28695,44065.625,27609.31875,10108.87,25170.375
38716.21,32037.32,21712.875,34970.375,20018.4725,25821.243825,11045.84,40290.695,20053.5,19514.5925,20769.04375,43622.875,14643.63875,36713.245,15236.828749999999,19280.57625,18736.125,13444.61755,32424.375,20122.0
15837.4125,42712.325,26197.25,18216.4375,51211.567225,33913.6525,18875.470575,28508.585,31849.625,11205.37,31264.155,26191.77,27573.40625,48057.1075,30078.1975,8616.0425,15159.75,53952.405,45037.125,15930.0
34299.373875,33690.25,16162.2675,26792.625,31314.22125,29630.13625,41243.1487,24838.2975,30958.875,24258.4675,14766.797499999999,31592.0,17463.1925,37900.7325,15503.89945,25172.9725,17377.0,9990.4688,21181.125,33407.0
27110.76875,30185.8675,32258.3125,34279.875,18859.567675,40015.165125,19163.3325,30546.5,26739.875,11650.1725,16637.6275,24582.375,20238.595,17658.02,25936.053975,29198.129999999997,21552.5175,46846.799999999996,8793.955,30144.75
34063.42875,14057.425,26812.885,26949.625,25845.90515,6815.3475,30381.975,23390.575,10251.0,28645.2475,15850.0875,23636.615,16802.61375,39131.99,23437.3425,25782.00625,17102.5,38108.44375,43879.625,34763.875
50921.39,16331.5,26151.0,32160.75,31252.85735,14911.92625,21400.25875,16000.5575,43536.04,38799.9725,31569.330974999997,37259.25,18182.92125,33810.75,15234.728925,27987.03375,42726.0,18779.06875,12486.75,13637.5
15778.89625,19454.485,25977.75,19078.0,38974.725074999995,30237.48,21358.642499999998,18499.43,30522.5,13075.3975,15956.409625,34302.0175,21699.177499999998,32592.5725,28122.445,21704.03625,10786.125,24496.892225,36972.0,24355.625
27514.25625,34112.2775,34002.375,30521.75,32114.6475,13617.496099999998,32046.625,13016.565,29402.75,38745.275,40491.508525,15878.625,32576.22875,20922.3525,26657.00375,24078.6975,36950.625,11015.842499999999,10961.5,22308.125
16978.1625,10789.11,29568.75,15296.5,13061.388925,24749.83875,25795.855799999998,23162.05,17744.375,21443.875,27952.4479,30295.75,9921.5675,30453.5925,25938.33125,24766.95,16934.6275,22526.855,18753.375,33962.125
23311.22625,27616.715,37102.4225,31848.125,28032.832749999998,9626.818824999998,5433.4683,31056.0,13373.125,27959.455,39759.99625,41535.66,16981.33125,24833.375,25227.453875,28115.05125,18552.0,16690.22875,51797.2275,21129.0
21333.2925,17303.75,28397.25,31223.3,26482.135224999998,30058.12875,20011.725175,15294.3525,36389.06,31770.27,24625.835,23434.75,26132.0475,37497.625,9302.693725,21667.70125,33101.875,26213.95335,42407.1775,21009.25
33358.065,12470.6,21044.85,18776.625,15105.131275,23727.177499999998,19490.402424999997,23101.5875,27393.0,23182.91,33504.03875,18098.74,20053.1175,35491.945,13369.59,34899.97875,38606.0,38407.72585,10650.375,37401.0
10829.52,15586.875,36206.0975,6717.68,18812.365974999997,22310.1125,22041.727824999998,7366.8125,29998.625,14990.3675,14948.05,11385.0,24701.885,13918.7625,12783.793749999999,28246.2375,39431.0,15162.04625,45572.5,20041.5225
24700.6175,7156.495,46043.4925,16261.875,28978.43,17957.94,31742.716525,37706.25,20471.375,33246.1425,16371.66375,28368.25,18662.247499999998,33502.5,23258.41375,28678.454999999998,48573.375,16081.292175,26098.625,26109.125
9132.17695,23621.6825,10200.5875,31361.625,17717.220624999998,22618.32625,32337.305,17388.375,28626.7375,28765.1725,24663.76705,38035.395,20604.391274999998,23203.2325,14686.923874999999,26598.91,39226.6725,34470.93,9149.615,19219.5
26384.7025,16749.5,34836.0,32999.8475,27290.458,23991.168175,12741.79725,34244.5,25676.5,37577.395,23585.42875,10052.5,15688.481249999999,20326.0,15187.645524999998,33310.11125,32720.625,34922.159999999996,43425.125,17777.75
47869.46125,43478.755,24469.005,26643.125,30158.26125,20299.8575,23725.065,20987.84,36781.25,50493.635,27153.137049999998,30021.875,14922.699999999999,46819.25,19054.720425,23573.59875,21220.1425,21789.38125,9380.875,26711.875
23785.4825,34544.0,26409.5,32608.125,24766.100775,23447.69375,27421.72875,23272.1875,19521.75,23221.525,30407.958749999998,35771.125,22507.61435,56604.49,16688.297925,18736.6075,35412.25,56033.00625,10274.125,24275.125
37949.16125,10610.8575,19468.125,33702.9625,18339.782825,9025.23375,30035.9475,32332.625,22931.75,19990.3475,24790.82125,31207.0,23170.111249999998,14774.5,11934.674375,27861.7625,45221.0375,33408.55375,4342.125,21957.125
36980.1575,23581.5325,28545.25,29801.875,22660.098825,28064.77375,4432.4475,19910.555,14941.75,22655.5,26508.495,29801.7,20586.94625,40868.5,20057.765,29774.208749999998,10609.75,23879.547899999998,11213.625,21145.0
39759.180825,26287.375,33179.5,21653.5875,12352.21,11980.376199999999,18073.413474999998,27086.4175,17722.375,31938.2375,15855.79125,17214.1125,22016.26375,47626.875,12130.3975,18358.25875,32515.25,18401.142499999998,32082.865,16048.5625
33213.9925,19832.2075,32272.375,31581.2525,23690.63125,11834.63905,27024.659025,16460.0325,29063.0,21812.14,22958.024699999998,32175.9075,13924.96625,17188.75,18593.16875,8489.541775,21833.25,27422.57375,18399.75,54760.8
26837.2,28781.215,32784.125,34998.0,16944.7512,5023.31375,10946.76375,14365.7025,31617.625,15680.2975,23428.0475,41118.8425,14367.32375,28166.0775,20788.267499999998,11904.99375,21064.375,47471.04375,6146.875,27153.5
32980.13875,9826.25,12193.25,25277.125,19469.19715,24058.66255,12602.2624,15939.91,29419.625,31662.69,34404.513,38277.7,19563.65125,26872.0,13268.82375,25214.3775,19342.06,35070.66875,22476.53,14476.185
5592.940925,13427.625,28473.0775,26394.125,7438.5519,16894.93,10256.50015,28161.915,44307.5125,21884.795,14573.715,45222.0225,10697.06625,22406.58,22515.024999999998,19773.4225,19402.5,14162.83375,27162.625,33574.49
22874.995,27049.625,21522.75,7613.375,27597.873225,23363.19375,13804.70585,19300.945,11710.7725,8063.1625,31652.01,35637.625,26317.736249999998,25706.01,10218.79625,29525.567499999997,59188.625,22663.95625,9588.9,25121.0
31229.51,37609.0,34728.4275,28017.125,19572.392775,21785.15625,24393.0375,28773.0075,36484.0,23739.7875,24885.88375,40265.25,9953.46625,17093.125,6070.9025,18696.892499999998,23133.625,39705.91625,38215.18,15219.25
40181.0175,17342.1125,14694.69,34438.875,29129.896249999998,25664.55125,21239.104574999998,21404.0075,18911.125,38740.835,28589.09625,29419.125,14542.8725,42026.4125,13631.273824999998,23301.50875,24516.875,29308.64755,30132.6525,27740.375
11913.02125,27303.0525,23955.295,19970.925,12879.494224999999,21214.1475,15450.985549999998,13146.3975,33985.7525,28803.4,25331.000174999997,38919.5,10736.78125,26535.0,20634.68875,13777.725,19593.25,41080.000325,19907.0,27496.75
34675.8425,24543.7025,26950.75,22489.875,39344.81395,26207.22715,13571.75625,32103.14,29167.375,14902.75,20107.83125,26576.625,10160.49125,36485.25,15235.98375,32581.9325,28494.375,24919.26125,21832.625,19621.75
40593.799999999996,23807.2175,21098.75,18968.5,32739.736249999998,17361.7925,23918.78125,5686.265,15935.625,19936.175,23125.507924999998,30330.75,19113.055,49786.125,24866.87125,24451.13125,36557.625,37841.42375,8929.125,10176.375
31148.8125,23093.875,33267.4575,19111.0,11936.8925,27278.712499999998,27309.47895,30886.96,41094.5,18276.8425,15683.1155,41330.75,10318.08375,25679.625,8625.54875,27387.028825,54836.75,40915.744999999995,17926.0275,13175.0325
33318.56125,32182.09,27118.57,29242.375,16025.982699999999,24393.8825,21748.9142,22446.1975,32043.625,7890.5625,30263.88625,35605.875,20556.94875,28788.035,10262.46585,17917.16875,18474.09,13548.810275,14556.7675,22661.3925
33185.685,33810.25,20600.0175,38449.29,18701.92025,31989.71425,32569.447624999997,28163.7925,10146.125,24871.0025,18835.05,42011.4825,12269.8225,23719.7475,20076.355,18607.111249999998,43690.625,39449.88125,10967.7425,20585.0
35565.205,16745.4125,41322.665,34058.75,17206.113924999998,17866.819425,16233.92875,37456.25,32270.875,6316.57,35072.57,25080.1,23760.76625,39153.625,25527.0275,16812.33125,30216.25,25692.474274999997,23504.0675,20581.8925
7031.49005,26406.8,21707.2375,36406.25,29241.634825,15730.30875,25499.5143,23031.75,18039.625,23513.6575,27380.556125,38333.815,25574.431999999997,20466.25,10073.6675,24343.39375,22611.625,15791.14875,15964.4575,37864.25
7505.091425,26461.06,18328.4725,30116.1325,16772.61625,16735.7996,7298.564974999999,34509.12,26728.75,10598.695,25740.816725,45539.125,23946.214175,18076.125,27703.325,30096.364999999998,36829.75,34694.432499999995,41811.025,29676.125
44991.18,17066.9525,32456.375,32826.84,17943.435575,3273.63985,25725.6701,32145.4775,34058.21,23950.0425,22290.200075,23969.625,13141.651249999999,49951.755,24758.28875,24705.265,32179.375,46775.3975,32398.6725,28012.375
56928.82455,30201.875,37739.0,15595.875,11279.30505,28349.75,13288.68125,22473.575,24685.75,14389.7,31309.075200000003,24163.4075,13730.15995,50903.2,12960.609999999999,29379.20505,28437.875,10505.67375,40601.315,9804.875
22871.614999999998,22091.895,28310.1225,19936.625,24316.983275,28634.30375,29255.1675,26711.7275,32704.0,30273.22,30093.196249999997,35956.1125,13453.033749999999,43945.75,10803.7475,26077.75625,22445.625,25434.71125,33958.38,16276.75
35715.82625,37451.0,33232.375,30972.875,21452.919149999998,25505.26875,24972.07375,26121.25,10988.5,30872.2625,21938.10125,33729.75,29345.79375,21143.375,21723.47125,24868.13875,32397.0,29360.15875,37610.875,9116.125
12089.414999999999,26157.875,33932.5,22763.4125,24008.5625,11716.178499999998,11828.87615,32882.6825,42303.25,7764.975,29055.11375,29583.305,13322.90375,16078.875,21754.9475,27716.21125,44300.25,27777.684999999998,15031.78,26941.4425
32625.0275,32746.7775,18754.25,27095.2025,22356.874799999998,22710.00875,23221.65625,8613.6475,28289.0,35964.69,31025.434049999996,11761.92,16884.15625,48407.875,23673.9425,24721.27775,36320.625,39493.61,27238.75,19870.875
30704.13125,16612.375,18221.7525,13842.375,9251.393775,12504.550825,6247.989149999999,25529.875,34313.875,10453.81,12277.566925000001,12839.215,16429.457525,35864.625,15719.74625,27042.32375,25196.2275,29940.762475000003,10768.75,26016.375
37038.38645,22064.0,24381.94,24245.125,38595.16375,5480.332,16346.951725,24546.875,31539.25,27395.265,26573.412125,16167.04,19354.78415,38879.25,24657.1,16515.1025,17278.625,21582.989999999998,7331.97,26261.835
46019.1225,10620.125,18549.47,16569.375,17518.992075,15168.958349999999,11701.56,26142.25,25338.75,23690.1825,16121.860625,15507.8975,16686.00375,26528.125,18076.028749999998,16121.543749999999,24384.25,35642.31125,8051.75,32208.9875
40155.878749999996,28378.75,31257.4675,13243.9925,35215.066575,29093.540125,5170.76625,18740.125,10917.5,28487.605,30203.751825,41294.375,7079.8324999999995,17469.2375,7194.697574999999,15987.4,32526.0,32711.42875,13846.945,28274.1525
31231.2,7724.5425,32398.455,16393.09,20281.694225,23477.9025,19408.699375,8153.4525,12993.125,19488.8725,19282.46905,32302.5,18905.81875,21567.5,19046.997125,10004.588749999999,23728.25,24349.17355,25902.615,13872.375
9125.607075,27358.195,23626.5,25960.395,23276.796725,27260.1732,35599.127524999996,27290.375,41391.625,38916.7475,14616.81,11243.0,18689.49875,40092.375,19557.702449999997,31427.028749999998,38900.375,45189.746549999996,8958.1925,19810.5
5313.719125,13424.1625,12166.4475,31722.4375,26209.690325,21108.10845,11073.3025,22496.5675,18468.75,23627.9925,32316.370124999998,38544.74,23140.354574999998,6919.875,8615.619999999999,27037.67625,14426.2125,43525.316249999996,2980.025,18862.625
4812.2158500000005,43068.125,33838.625,29902.265,27986.116925,23026.46125,21931.362375,30373.875,36752.125,30076.725,12883.782599999999,33369.625,21012.1925,22865.6325,29182.075,22219.38485,11846.4225,45684.29125,8186.375,19651.0
40946.37625,21288.375,28182.0475,12190.0075,29364.400649999996,21885.0775,23832.988400000002,29465.375,32126.625,34809.0725,25928.19125,50691.125,13719.42,30347.075,19425.07125,28531.530625,47907.64,22749.72375,22367.51,22823.375
50383.125,26181.57,18367.125,24736.5775,22124.030824999998,14056.36375,31841.07875,7491.0,26454.0,18739.35,32509.473749999997,45330.75,17632.403749999998,21962.625,25690.74625,36073.472499999996,22503.5,24809.2,7991.475,17130.17
33267.86125,24122.25,32668.25,10717.7225,23954.351525000002,29984.9264,36569.909999999996,31309.125,18428.75,14029.1825,26972.8225,42416.2375,14144.455,18052.25,24727.868749999998,15443.701649999999,34247.75,51206.5775,5857.3425,10979.25
34110.96,16543.85,16939.2825,31984.0,29330.917524999997,32619.9575,12854.35125,22331.045,13388.125,27526.8475,22555.428675,30590.625,,36168.75,26498.14375,28691.76375,16050.0125,49734.908599999995,8049.65,24024.445
41937.7725,26289.875,14046.5,21957.17,17564.17,11224.135,31122.82875,22958.0375,14407.125,37287.065,27262.2012,28790.7675,,23230.805,15907.758749999999,11341.80125,21959.5,51900.322499999995,14399.3525,21741.6725
9419.362874999999,22780.1375,14628.8775,27119.125,42148.308475,20346.56065,28462.98,7597.9725,25427.5,13918.175,19120.44875,10806.625,,27760.0,22958.438749999998,27942.3079,34216.875,44219.695,24161.4925,21300.175
31283.59,32099.36,41494.0,14785.7725,28688.38375,13463.385,28872.3825,26838.75,12057.5,14007.3625,18212.939875,32490.375,,23708.875,9130.178525,32065.848749999997,28051.375,28313.626249999998,11415.79,29167.77
42919.24,35661.4125,8397.5,27232.6725,10871.82915,7623.433675,19057.246975000002,31931.375,21421.1425,27187.5975,11331.0275,33880.375,,13933.375,11438.33405,32965.161125,22782.0,34396.9925,7855.125,23496.465
43121.40625,22185.0,36711.5,27100.77,11276.157425,22044.57125,15589.404999999999,26130.1875,31231.375,29542.48,11947.526824999999,43115.375,,33484.25,20557.16,30031.3,38450.625,25201.91375,8689.8325,28002.5
46020.17875,27487.25,21074.75,27943.92,24006.885175,21195.6927,16383.071249999999,35960.5,15389.25,37920.29,28388.83125,42619.625,,33456.8975,24010.675,20774.53625,23945.75,27199.704999999998,39806.8725,18476.75
14652.93375,25313.3475,18855.92,13920.625,41322.65475,17842.681999999997,24588.7395,24109.7225,51756.24,14962.635,29410.01375,15088.625,,24279.63,23800.83615,31515.33125,37473.125,14642.793749999999,13321.09,32101.875
37170.49375,25900.2875,43968.625,9040.875,35561.47854999999,29376.6616,10437.875175,10103.825,26956.375,32878.8775,22625.44115,48200.375,,39463.5975,31542.79375,26026.63375,20178.625,40401.77375,8861.125,25133.625
32655.236249999998,30404.375,37902.625,30981.25,35646.7475,20226.62135,38510.4525,30308.5475,30913.7775,35597.9325,28083.997499999998,21078.875,,36944.0,29897.075975,24339.57435,23168.25,27763.53125,11441.5975,10914.0
30438.408325,19413.5,34318.685,27882.875,8962.914999999999,31158.9187,26075.157874999997,28643.5,31276.375,31478.63,43468.756175,37319.0,,10916.9425,19068.0841,20819.11,29281.5425,27253.15125,37099.5,18341.25
44515.65625,13096.7275,30827.03,20259.875,33817.7788,18011.5975,33775.0725,25637.8025,20642.5,6791.8125,29132.85375,11881.5,,15855.96,14103.68375,17485.585,19105.25,31447.0637,22822.375,27721.625
37133.9475,23582.25,32792.125,33545.25,19260.71875,34158.7025,13200.71675,27061.225,17428.0,13397.955,11472.565,54777.75,,28882.8125,15613.90155,28603.6725,26267.0,48285.62375,32640.125,9283.7825
31949.872499999998,14767.875,29626.125,29367.625,27488.82175,23193.0699,27084.99625,32610.0,34349.0,7868.835,26247.005524999997,13767.9625,,42479.1225,20457.66125,13557.18,22427.625,46330.957075,32173.1,22357.625
34966.830924999995,33844.0475,34113.75,33511.25,12792.0325,5334.7216,26057.89875,22215.1325,34703.5,25044.9025,23236.473325,30040.5,,32863.9025,14029.1125,29406.4225,15963.625,14954.59875,46454.065,22937.3775
34043.36,24785.375,26054.0,32977.0,53956.63,33241.505699999994,29310.0925,36086.875,17539.0,53402.3825,23751.433225,13413.125,,23812.135,22346.4475,23693.3775,28121.3275,50062.025,14978.9,24702.75
18593.16875,11632.55,31360.025,27947.125,18049.178874999998,24991.719999999998,28849.073175,12645.0225,9372.625,32620.52,18050.640725,16972.3975,,42447.94,7673.233749999999,36088.47125,31804.875,39822.940299999995,14554.6525,20455.625
59053.88125,20213.1025,22433.875,46209.005,22640.26245,29287.911249999997,33982.097499999996,29326.9375,27853.75,27191.9325,24252.036575,39960.7925,,32858.9425,21016.371025,29460.079999999998,31595.625,53685.17375,41563.0375,26429.375
39542.307349999995,24487.0,38313.0,28395.625,26627.00625,10894.318824999998,21739.94875,29678.945,25770.5,26461.4175,14087.62875,31624.875,,27214.0,20698.274999999998,17997.86625,23354.67,37695.23875,5054.875,20197.525
40851.9475,10951.375,17328.5,31380.125,19396.13,23398.409125,38172.710225,22634.315,24566.5,16451.26,10623.187899999999,32592.5475,,45265.84,30764.434674999997,21982.2525,,34138.845,9729.625,12659.95
38651.559049999996,16206.4575,28774.55,37923.5,20954.309999999998,22746.491625,32700.490224999998,28410.225,27187.875,22359.5875,23343.74185,35310.25,,28742.25,19424.4375,33984.42125,,9287.8175,13432.375,10940.5
35349.09625,19092.375,31026.2425,23927.125,9508.23575,22454.751149999996,25143.18625,24885.325,25965.7825,24935.6,22217.79625,29854.875,,27430.665,21303.759749999997,10691.151249999999,,54944.0125,10135.875,30277.75
41045.66375,18252.375,15423.3875,29240.4775,28855.4825,17236.309999999998,28877.875,22263.25,31039.815,33276.595,18552.883375,27462.235,,37561.6825,19866.795,28271.165,,49218.292499999996,11566.875,8008.2
34406.07625,29630.375,25755.7025,34764.5,11176.096749999999,26529.666474999998,12281.01875,28395.2525,32298.625,28162.2475,17635.149999999998,26809.1525,,27554.4725,27657.031675,33224.1325,,22359.545,40268.365,19283.375
39159.256175,10280.375,38634.25,24168.125,28051.67625,31243.600375,21664.840925,25490.125,37122.375,24780.4125,30222.05875,32606.25,,39100.25,8888.76625,12294.53875,,18189.25875,30498.5,23470.715
25317.67875,25340.8675,8666.725,11101.7875,26309.64115,25810.68555,18417.62,18727.5125,18538.0,27582.7475,32336.8825,10334.375,,28466.75,24657.1,10609.186249999999,,17155.40125,17724.875,31909.625
32656.08125,13935.5,30852.43,24702.0,32460.88625,30157.204999999998,28891.395,36379.6975,35456.125,38935.3675,17927.270725000002,23032.6675,,27408.75,15865.72,19354.93625,,41669.3329,44076.625,19898.125
48755.008575,9158.2575,30526.25,40280.5,15715.50435,29411.357299999996,27658.962499999998,39111.6125,23505.125,24000.15,19900.38375,26696.655,,30618.0,24373.813749999998,27465.24625,,44388.268275,47277.7875,23212.125
25422.036249999997,34927.0,8379.0075,27593.625,35352.974799999996,25503.637899999998,18204.46875,30319.4125,32457.0,19475.455,22116.121625,24881.97,,8427.4275,27902.95625,9278.945,,14614.275,8587.285,20670.375
24581.6077,25174.54,40713.9825,42962.875,6904.625975,30928.7238,26853.424,33416.755,12016.1325,13143.94,25322.74875,29033.0,,26484.2925,33603.5375,33783.945,,48013.533749999995,2670.9175,35115.75
40810.753749999996,34958.005,11304.0175,29572.4225,15917.05375,16662.555,9569.857375,28898.3125,22867.375,28187.545,7248.19875,31972.625,,17687.875,14305.245825,27234.13875,,20465.26625,26219.11,15714.75
,18477.0825,13137.1,26912.685,13381.49605,33015.206249999996,37162.88875,32374.75,19566.8225,43539.385,21782.8325,45813.875,,26208.99,22847.32125,36545.405,,26714.46375,11966.5975,23037.875
,36321.975,21184.5,17416.25,41588.2636,30900.3825,20236.047325,30578.25,6065.0,19061.525,11524.9719,20582.25,,15139.125,16810.64125,25171.7219,,47569.275,17148.035,19727.125
,18724.375,15763.4625,37163.125,10293.15625,20984.73,19558.7925,28878.295,38988.125,38823.53,33966.465,38123.5275,,24652.875,21484.9869,31623.7025,,30010.318649999997,10437.625,13487.575
,11740.875,27614.875,23595.75,25194.515775,30796.4475,18764.28125,21159.6475,30684.0,39211.1,17258.7025,34936.5375,,20568.875,15882.1975,28161.7375,,56849.83817499999,43208.625,19580.0
,20650.875,19923.0775,12486.75,12100.99995,24415.0075,26335.27,19874.6475,13399.625,30725.53,22936.46875,19097.8425,,23958.625,10013.862625,16709.03,,14561.039999999999,32697.01,23674.625
,39139.25,28255.665,36689.0375,32279.756274999996,12701.723125,24155.38125,29462.75,14417.0,14675.22,28116.9525,45760.0,,47470.875,26318.37,32132.815,,31861.1475,33359.69,39953.25
,24730.2575,37887.25,41725.5,41637.0539,24339.612375,29115.653774999995,13451.53,32833.5,11641.715,18526.210949999997,35124.75,,43650.25,24036.65875,16129.359999999999,,35309.38125,17572.3875,24800.75
,8050.875,21489.1975,31936.625,28844.467924999997,22377.0703,33504.25,27011.02,31914.625,15512.45,15710.873749999999,32078.375,,32975.6375,31589.48,21028.247499999998,,25010.652224999998,13845.375,25717.5
,19604.9725,20786.75,20187.0,11640.08625,21858.0375,12773.0538,13393.0475,35511.0,28526.11,25321.6925,35804.25,,21872.0,,33105.92545,,49585.613999999994,10296.125,12275.07
,22650.75,35695.5675,29793.875,11977.367999999999,26703.056249999998,12354.744999999999,12176.735,,29560.115,25067.13625,9397.15,,10751.6925,,34941.595,,52141.57,31680.0,32503.75
,31658.875,22845.5,23219.875,17787.46125,10350.620475,14069.803474999999,7467.9575,,18331.3875,18558.52375,13928.0,,32134.0,,26504.27,,27870.140675,8230.875,18000.375
,18836.76,26980.5075,28351.5,42100.236424999996,11234.48625,30691.6675,25261.1175,,,36918.68375,20705.6875,,33950.875,,11286.453749999999,,33047.73875,35536.44,24605.625
,26730.625,32184.25,12249.3425,29694.84635,18132.4832,23025.8275,21561.705,,,26401.18,30988.5,,22540.4625,,10906.414999999999,,60087.7134,26126.015,22388.25
,39522.9875,19291.855,21597.375,35408.816625,22468.57535,16618.1925,8518.42,,,28950.1901,29627.75,,14977.0,,34316.734399999994,,21754.1025,11995.25,25279.395
,15113.875,12814.4125,48333.4825,35750.158599999995,10741.3189,23852.44875,34409.695,,,26351.227824999998,27707.375,,28225.52,,33983.57625,,30438.58155,46803.2025,16417.02
,22520.215,28710.0,26069.625,25051.431925,16456.070799999998,35225.920600000005,26527.8725,,,41200.932499999995,41882.875,,40027.6375,,27424.052499999998,,28993.85125,13123.6925,30133.0
,22046.375,23523.535,8687.7275,32687.8955,15589.975374999998,14828.4825,30764.28,,,14519.673024999998,46242.625,,14817.61,,28632.19125,,37246.1297,16858.77,20633.125
,21715.25,40169.68,28246.625,20858.685575,24202.93785,22491.364999999998,31287.59,,,31707.146249999998,23328.4125,,23066.375,,21267.805,,29011.385,45973.53,26749.75
,26255.125,17271.75,20202.75,29663.302499999998,16268.10055,32611.29625,32295.6425,,,24674.0,27130.8025,,15323.875,,14202.12625,,42911.368825,12337.1575,18163.25
,32985.5575,18586.3575,22059.6625,25402.820949999998,29917.571450000003,18283.6875,21146.37,,,26432.0225,15890.93,,22717.875,,30527.10375,,29534.22875,6925.055,20659.875
,31686.5,18057.28,31548.0,35183.47625,31573.7968,30919.395,27917.7225,,,16408.6325,9838.17,,20396.625,,31923.466249999998,,31567.9325,27122.875,31221.5
,42135.0,22150.8375,18789.375,29328.89375,16549.958749999998,26309.8017,13922.0875,,,31621.1675,32725.875,,38539.875,,20036.64,,25275.42875,22053.6325,10745.5
,29146.63,11554.625,26195.75,20039.914375,29083.6325,34594.067624999996,28313.205,,,17105.25895,30911.4275,,38003.75,,11099.70875,,38481.557725,12272.25,18117.75
,31553.57,34306.625,15375.8775,24535.63125,20759.96,21845.99625,27443.525,,,19479.785,15429.1625,,41848.875,,23367.841249999998,,36098.4,9636.375,22316.0
,38055.6825,34792.7775,10210.485,34282.28375,34227.35875,34152.57625,15447.875,,,27895.5625,22371.25,,17452.665,,30462.883749999997,,38649.24375,12677.215,10054.375
,25030.545,36328.5,17445.75,28068.360775,21470.39375,24105.10375,26375.9575,,,32823.39125,9652.7775,,25098.25,,29765.969999999998,,22331.44875,17427.375,31223.625
,31516.625,34779.25,35484.2875,22503.40625,7020.475474999999,27299.626249999998,20877.25,,,29595.06875,18863.0,,26305.9025,,26869.098749999997,,12363.828749999999,2285.13,19913.25
,26744.04,34663.375,9372.875,16109.08,24718.3625,8502.2041,29602.115,,,16619.996574999997,23823.75,,31174.9875,,15742.7725,,6659.153474999999,21479.0425,20742.875
,29355.875,34482.0,14437.945,25223.74855,8729.48375,16755.29375,28173.6075,,,30541.04625,24472.225,,39684.0525,,23785.905,,27406.3075,30694.1375,24994.29
,32684.4625,31225.5275,29675.125,14288.105,16317.951325,18351.92125,35044.1975,,,10198.31345,45778.125,,28896.1025,,23283.975,,12542.727925,27654.4,16750.0
,28468.835,21216.8675,30164.25,12708.043725,,25848.545775,33643.48,,,14304.16,39345.87,,24167.5,,33037.902949999996,,47302.318374999995,9470.5,21418.5
,39507.7475,14891.125,30793.5,17102.58875,,29326.9925,28847.5,,,15670.73625,47189.0,,15918.875,,15680.664999999999,,49207.096249999995,8737.125,18826.125
,30278.0,13051.0775,22657.25,26783.588975,,16280.1925,29624.7825,,,28408.688749999998,39473.75,,7935.33,,20668.771825,,42017.2025,60137.75,28814.1825
,32169.375,31786.125,30755.9825,12902.305,,38891.3278,9263.5725,,,15613.043874999998,46061.875,,38353.125,,19475.34875,,53524.965975,8001.3725,30653.25
,30338.4575,17922.485,23592.125,38356.4428,,11573.33125,22320.0,,,27987.03375,33102.5,,13011.125,,20579.76375,,46104.045,7360.5,23969.125
,39041.4575,12082.25,16209.01,22079.13175,,11692.995925,43297.7425,,,21998.73,14048.5,,12349.655,,26527.93,,14728.582375,8172.025,27437.625
,24123.3675,27610.335,12656.065,37137.145825,,19283.745,24748.015,,,31144.798749999998,39724.68,,36912.625,,10050.852499999999,,16421.51875,9042.375,21275.4475
,34465.0725,25672.875,23704.1425,10563.8858,,7565.268099999999,25614.315,,,36368.16625,60487.63,,26603.25,,15633.97875,,43914.333125,5511.375,12120.75
,33208.895,33965.6625,28275.5,35469.72,,12660.84625,21243.49,,,16420.04,32860.875,,26470.2475,,27720.43625,,40332.48375,33550.88,21491.125
,37498.875,36194.315,26732.1925,36068.4025,,36313.406025,28274.045,,,33090.964725,23400.625,,29873.25,,28003.93375,,55880.48375,29949.6725,31329.605
,21640.0,15337.4775,12619.755,14946.021999999999,,33316.026249999995,17016.875,,,14103.4725,4851.265,,36436.5,,14098.4025,,23935.24185,15326.6725,24641.375
,26892.625,9731.7575,46758.875,19663.5725,,29109.405,35453.0675,,,28689.017499999998,37673.25,,32472.6275,,26560.251249999998,,48263.505874999995,32165.75,30415.97
,22566.875,32556.685,28082.0225,19224.852725,,30987.523125,9397.1725,,,33386.93865,27012.25,,10565.6575,,23847.80125,,36520.055,12989.07,26966.375
,21681.3925,26054.375,28365.0,21862.241374999998,,32567.2464,34480.2525,,,29803.568275,16958.0,,32515.5075,,31126.63125,,35305.15625,32596.0,14617.0
,31953.75,30938.5,30052.125,23861.536725,,22050.486249999998,21910.3275,,,26412.1481,40082.75,,26787.5,,33667.42795,,31386.04625,19039.0,12519.625
,25561.6775,43553.5,18541.74,28526.587375,,26681.859425,28355.16,,,37847.942924999996,27123.25,,13457.5,,31752.9875,,54164.5,,19713.5
,25072.4725,12653.055,23149.5675,24319.1,,9422.383749999999,21841.5575,,,28892.468149999997,22410.6175,,26711.125,,6254.37735,,26344.35375,,29889.75
,29442.8325,15342.2125,20985.9875,27579.11,,32602.001249999998,22167.355,,,29052.15625,15651.375,,18359.66,,20497.165,,23710.48875,,19269.625
,31684.375,,30308.925,24531.203449999997,,18388.835075,19651.01,,,17997.44375,14331.625,,29521.4325,,21852.333749999998,,32748.3975,,26995.25
,24913.32,,33732.25,25262.534050000002,,37380.93255,23703.4625,,,12120.118074999998,36329.25,,25180.3475,,20432.31125,,17178.63875,,32917.875
,32255.5,,25708.25,29655.9172,,35537.070725,34216.75,,,32983.455375000005,48261.5925,,33527.125,,33639.8725,,57846.79875,,
,20842.625,,32754.375,22127.5925,,16285.266725,31405.5775,,,14865.954025000001,37621.5325,,18067.125,,36239.65865,,13924.15505,,
,34017.625,,21672.5,27202.87375,,10761.189075,24505.62,,,19395.872274999998,34870.0075,,35288.375,,15722.07,,29848.3575,,
,38546.625,,32909.68,26262.321149999996,,24116.08875,25698.02,,,30486.3325,13959.1075,,37331.875,,19440.915,,26364.0,,
,33358.875,,20715.84,35765.51225,,22785.4588,20390.5,,,20575.75,42230.375,,11976.625,,48893.647724999995,,35034.13095,,
,25733.9475,,27869.9325,25118.0982,,22918.09,35091.0,,,13937.641249999999,27185.93,,22767.0575,,19612.6697,,24717.094999999998,,
,38195.875,,41474.045,18027.200425,,27615.8675,24134.0625,,,17245.81625,24549.5,,19008.0,,22597.62375,,61804.77875,,
,13970.9,,25348.625,23485.085,,26067.19375,29084.125,,,26087.473749999997,25171.14,,11934.375,,18654.342525,,20558.216249999998,,
,6394.75,,30478.1425,10675.7469,,19886.86375,16877.25,,,34935.97575,4671.625,,36221.25,,34895.119999999995,,28456.642499999998,,
,32453.315,,33034.5,26322.1725,,18617.673749999998,7579.5475,,,12608.920999999998,25612.0,,25047.625,,40913.324075,,13440.434799999999,,
,26787.25,,25008.1575,17246.665475,,13547.4625,18949.6725,,,28789.149999999998,31196.875,,25823.5,,16058.91235,,43077.833824999994,,
,16853.295,,24506.5,33009.08,,31048.04625,34688.505,,,10396.4575,14029.955,,19052.25,,22553.633049999997,,48297.2425,,
,19055.0,,13727.0,36171.843175,,32854.445,29947.3975,,,32727.352775,10958.2375,,27763.75,,21920.989999999998,,44476.1525,,
,12821.25,,35571.915,21844.39075,,17882.735,29693.125,,,24477.651574999996,33479.625,,33575.375,,33854.29125,,33790.531774999996,,
,30193.625,,16186.98,17294.8347,,10642.56375,36560.6675,,,11751.414999999999,36159.5,,35166.5,,22907.688049999997,,23550.171125,,
,36915.125,,34988.195,24992.108699999997,,19755.88875,35134.6675,,,29842.02,22744.5,,14554.875,,26776.19945,,39746.265,,
,5555.15,,33491.75,9897.9075,,27264.3475,28255.115,,,32308.575,20321.125,,12535.745,,20062.4125,,18386.355,,
,28014.5,,25976.125,12271.72375,,16964.642499999998,32599.0,,,15060.012499999999,21125.7025,,31002.0,,24947.260325,,31540.0475,,
,16653.25,,34750.5,27341.179125,,20186.204999999998,25425.1575,,,21548.556249999998,25839.5,,37874.525,,31484.911249999997,,45132.975225,,
,4634.905,,26091.375,30153.4025,,31054.383749999997,21542.16,,,25206.7725,31920.8375,,28815.6175,,21139.99875,,42771.15375,,
,15473.25,,22011.125,22654.66125,,22842.885,23634.5125,,,20705.195549999997,30927.5,,32026.3525,,20560.54,,29797.1167,,
,31200.625,,24643.435,19009.5425,,32116.599449999998,21898.65,,,22198.9443,20207.0075,,31805.75,,32871.040799999995,,39000.531375,,
,26892.855,,45008.125,15058.149274999998,,28795.91,20466.625,,,20796.7006,40199.0,,8540.21,,7294.67375,,11132.984849999999,,
,17628.375,,27584.25,19154.798,,22459.677499999998,29629.75,,,7268.3013,32220.875,,12009.285,,11866.7575,,40553.02875,,
,27501.435,,17741.625,16278.713749999999,,35624.443725000005,16656.9825,,,18700.95695,36899.25,,15468.375,,27369.1275,,39560.99875,,
,27300.625,,35564.875,17152.524025,,14145.93375,29015.6675,,,28696.2,55768.05,,46639.0,,22661.6325,,21222.466525,,
,41595.89,,31911.0975,13455.268775,,27329.2604,27809.125,,,27947.517325,11068.375,,18564.75,,8058.97625,,14431.96625,,
,36456.0,,23402.375,19712.451525,,30915.5925,37934.525,,,16316.31625,16899.3775,,24919.25,,29109.61625,,46162.13875,,
,36271.125,,28138.4225,22100.865149999998,,16556.232874999998,13581.315,,,26831.49625,17291.9275,,11765.75,,36718.97645,,41406.901249999995,,
,30494.625,,30427.0,22856.7261,,28739.083749999998,15862.6625,,,25836.2975,35705.875,,30043.125,,20506.181149999997,,45189.522625,,
,29958.375,,34813.24,22809.71875,,24374.65875,24644.6825,,,22901.40125,43621.75,,26523.0175,,32120.14,,63047.29209999999,,
,31733.75,,13144.755,18582.18375,,25022.5625,38907.5,,,15652.779999999999,23737.25,,14362.875,,31893.04625,,39660.92,,
,27648.0,,27504.305,28662.2986,,11853.87125,34925.125,,,11364.603575000001,27958.875,,29561.19,,22815.4225,,25574.140475,,
,29297.75,,21317.755,9001.8019,,35905.10625,21066.86,,,18015.8225,40109.125,,30404.25,,10849.8,,24727.657499999998,,
,19871.125,,35961.25,32414.783050000002,,31829.67125,28943.33,,,6416.5075,42710.25,,12400.95,,17028.609,,55945.3375,,
,21151.125,,18405.5,24864.75875,,12606.1325,19522.02,,,22306.3269,55664.7275,,26501.625,,12453.9311,,41234.31,,
,6939.375,,25195.5,25163.34795,,29739.3525,39903.75,,,31355.837499999998,33285.51,,48083.8475,,28980.33125,,28018.72125,,
,13481.8425,,28982.125,14112.108400000001,,13263.75375,17377.2225,,,18464.682275,31734.625,,40072.5,,16265.19375,,29480.782499999998,,
,16948.4275,,29111.75,40943.135675,,22424.28045,33234.25,,,27328.35625,34584.98,,47121.625,,9613.776249999999,,21526.33275,,
,23229.125,,25757.54,15158.455,,29159.467025,20495.375,,,26859.97275,30898.125,,18680.54,,34492.4775,,28028.2275,,
,30204.0,,38658.25,39417.221999999994,,21935.98875,17745.1375,,,31535.188749999998,34213.75,,26336.375,,18822.16375,,43615.52,,
,14156.38,,21361.82,7124.15275,,29200.2425,33012.1975,,,37788.61125,22522.375,,32944.125,,27724.661249999997,,52013.5525,,
,26539.055,,41507.75,31716.775024999995,,27456.1625,17688.7025,,,32029.091249999998,29628.75,,28938.25,,20109.521249999998,,40740.19625,,
,21779.875,,35477.75,31990.22125,,32510.618725,32868.365,,,17540.167775,16909.875,,31271.7775,,32946.1275,,46458.945,,
,28723.22,,34038.23,37340.35565,,23714.903874999996,39074.225,,,26056.850949999996,13688.875,,30213.25,,22210.896825,,60086.429,,
,11221.58,,32261.4075,39725.338575,,22124.30545,34556.875,,,27229.06875,50441.48,,37352.5,,25386.96875,,48726.29125,,
,15209.875,,32894.0,21306.88625,,38734.3775,19247.375,,,12746.61375,42966.625,,33268.2475,,27048.45,,45283.888,,
,14380.96,,34189.625,16264.77125,,32621.85875,36559.625,,,11671.228724999999,44528.0,,21358.2325,,25851.93,,12243.707774999999,,
,23113.185,,41983.75,33982.54535,,20633.197325,14228.7825,,,14929.067074999999,22133.26,,27847.48,,15120.21875,,30527.315,,
,23348.375,,50494.75,12444.67835,,26751.855,26671.5175,,,16165.2725,39742.75,,27845.9375,,31978.18,,16690.342825,,
,19020.75,,22076.8225,29888.980874999997,,29916.802499999998,31359.75,,,28625.431249999998,38048.25,,32980.7275,,23313.76125,,52334.521525,,
,19034.75,,28098.25,9320.561249999999,,27456.37375,18951.9675,,,21074.7225,13870.465,,26877.5,,30407.325,,39950.3325,,
,28436.0,,34868.0225,20091.77625,,25668.77625,24639.375,,,30252.267499999998,42164.9425,,38700.62,,37994.1575,,28267.15125,,
,30113.25,,36901.5,26966.125875,,7683.834275,29823.5,,,36154.17,31313.515,,12461.75,,33920.62375,,41057.2825,,
,26445.25,,12088.125,28496.251874999998,,27266.8825,21652.0,,,23432.695,22238.25,,21725.125,,17538.3975,,40911.097499999996,,
,26588.625,,43150.0,13408.0375,,31100.01375,25748.875,,,25820.03125,42317.0125,,,,23339.745,,64850.792499999996,,
,23223.935,,20840.5875,19540.83625,,36343.66125,30724.095,,,24589.5338,15825.25,,,,13042.858074999998,,16283.5725,,
,24383.3575,,23714.64,16355.494675000002,,25324.088075,32707.4925,,,11662.05625,11734.625,,,,31414.565,,24179.46375,,
,20821.75,,44328.08,32879.680925,,21450.096849999998,7666.4175,,,11563.229275,41506.75,,,,11642.41,,42455.9772,,
,15128.625,,13425.625,30521.5859,,,24098.125,,,30129.488999999998,26270.1775,,,,23674.57625,,51013.042924999994,,
,13543.57,,26863.375,36532.2737,,,28908.125,,,41866.64462499999,49134.4275,,,,25106.64,,33963.93845,,
,10976.29,,35127.93,21083.683725,,,21979.1675,,,14298.430900000001,37121.6875,,,,24670.1806,,29679.116674999997,,
,29477.3475,,23266.0,29501.2653,,,22350.035,,,28780.48875,26250.4875,,,,14322.96125,,38516.3675,,
,16263.25,,39227.625,41763.322250000005,,,27261.375,,,26015.4375,20781.5,,,,31176.638349999997,,35724.276249999995,,
,24685.625,,8559.75,27929.3625,,,22127.625,,,36189.026249999995,23162.19,,,,24329.45125,,38042.11125,,
,29419.25,,,29182.907325,,,37401.37,,,7955.2525,42596.5,,,,28191.10125,,48885.5315,,
,37774.75,,,19446.19625,,,33968.64,,,19033.625,35411.875,,,,23990.4457,,19967.13875,,
,34371.25,,,9529.407225,,,41547.75,,,23439.8775,22128.75,,,,23592.784475,,21600.3125,,
,37766.25,,,23574.574725,,,31613.125,,,26429.065,45679.8175,,,,23292.065875,,41369.869125000005,,
,24725.625,,,20075.298749999998,,,28672.53,,,31590.371475,50836.0,,,,25794.25875,,37478.073749999996,,
,21352.37,,,13758.289999999999,,,35479.75,,,27327.93375,36536.0,,,,17463.289675,,40774.2075,,
,23146.0125,,,19247.921225,,,30849.8025,,,21723.023400000002,33758.125,,,,26847.12875,,43879.620525,,
,30223.78,,,23727.097224999998,,,41537.33,,,16437.785,20416.125,,,,19400.355,,29371.215575,,
,20203.0475,,,23622.8369,,,15692.3625,,,30026.276475,33809.875,,,,5441.13245,,31465.970575,,
,25650.375,,,34657.04125,,,29414.375,,,35393.03625,44641.875,,,,28752.815,,43566.721249999995,,
,7785.55,,,42476.878275,,,18927.4275,,,23015.594549999998,13785.75,,,,22198.361249999998,,9338.30625,,
,18790.75,,,22463.48,,,12802.395,,,12550.738524999999,28749.44,,,,10108.735,,64552.5075,,
,18816.565,,,8737.350699999999,,,23248.04,,,25893.96875,32570.65,,,,20298.80125,,32990.004125,,
,22048.375,,,5121.1943249999995,,,19690.28,,,24591.6125,22094.125,,,,22746.1325,,37083.45875,,
,13580.75,,,21694.53,,,50575.375,,,23430.79375,22501.53,,,,20387.94875,,32232.102499999997,,
,32497.0,,,23541.509875,,,26581.5625,,,21612.77625,29227.325,,,,20381.611249999998,,39611.487499999996,,
,19351.84,,,9549.04925,,,15781.4575,,,22153.55935,35540.5,,,,30717.017499999998,,49853.52125,,
,21073.875,,,26667.9803,,,16058.875,,,29447.1008,35261.28,,,,37776.35875,,35308.325,,
,24497.375,,,36032.27875,,,15973.625,,,26603.789875,6935.0975,,,,12417.90875,,45884.345,,
,27895.75,,,31977.089949999998,,,24269.8975,,,23207.925,10918.3175,,,,29711.239350000003,,13597.862525,,
,12933.52,,,29580.70375,,,31380.875,,,30885.620349999997,22530.1125,,,,28262.08125,,51572.884999999995,,
,37992.7625,,,18763.6306,,,15967.875,,,23419.38625,35845.6575,,,,10432.58125,,9533.07875,,
,26940.75,,,27501.7925,,,26093.675,,,34126.80375,40379.375,,,,12152.08865,,29816.88125,,
,22494.0475,,,14004.81875,,,11755.1225,,,29290.657499999998,26073.885,,,,33607.7625,,22033.979175,,
,28436.375,,,8208.165225,,,29977.19,,,20442.6625,16157.51,,,,29803.149999999998,,11547.537625,,
,15513.3375,,,13071.305,,,32520.75,,,7943.211249999999,15611.19,,,,11370.7425,,28439.7425,,
,29886.375,,,28224.88435,,,20127.45,,,24887.785,72795.94,,,,13187.4925,,17541.98875,,
,28268.25,,,19954.04125,,,31325.75,,,16149.42875,38911.875,,,,18099.055,,19617.4862,,
,15128.555,,,25855.952199999996,,,18951.68,,,9036.64125,33180.5,,,,8655.123749999999,,49930.031774999996,,
,35553.815,,,46139.534999999996,,,23509.0,,,21781.565,29196.875,,,,23890.2625,,54926.86745,,
,28468.125,,,29984.7405,,,43663.1225,,,18010.013124999998,17287.51,,,,19019.686725,,51647.5661,,
,13850.125,,,29515.359899999996,,,36894.355,,,17554.186325,15015.2375,,,,33100.128749999996,,46562.66875,,
,20352.875,,,22354.052499999998,,,26988.875,,,23460.157499999998,29530.125,,,,23731.19125,,41360.003749999996,,
,30155.45,,,28086.443774999996,,,21147.2675,,,27257.798749999998,16868.5,,,,35036.585675,,39845.5525,,
,8344.8375,,,25489.792575,,,34250.77,,,26893.206599999998,35112.0,,,,31594.33875,,38252.305,,
,13919.375,,,26529.83125,,,12109.6825,,,34976.45125,32687.9325,,,,34157.8575,,47483.5075,,
,30120.875,,,44254.276625,,,17179.0,,,16775.785,11114.355,,,,36638.5747,,28345.533450000003,,
,12278.375,,,25275.4541,,,31105.125,,,25507.6939,27411.9975,,,,33164.77125,,34188.991525,,
,19919.25,,,28875.34,,,35067.3475,,,18686.54125,12134.8275,,,,18015.611249999998,,38745.99625,,
,30376.875,,,29096.09625,,,31208.5,,,20634.7648,34537.375,,,,34407.1832,,25670.466249999998,,
,27015.4075,,,13778.9925,,,35790.6225,,,9671.76015,8698.75,,,,17072.591249999998,,32990.0675,,
,27384.25,,,12671.218625,,,9919.4175,,,11654.421675,10289.0225,,,,15232.3925,,34757.59625,,
,27370.625,,,21301.592325,,,29733.64,,,16821.837499999998,10837.7875,,,,15742.742925,,18518.635524999998,,
,35420.625,,,27537.07125,,,30832.6575,,,22343.489999999998,29929.625,,,,12468.82,,52086.222499999996,,
,23225.72,,,22025.98125,,,27632.5,,,22691.3934,39841.225,,,,13056.939999999999,,18669.21875,,
,11985.0,,,33158.0873,,,28988.0,,,20863.611925,8649.4225,,,,32193.012799999997,,27934.22125,,
,23237.46,,,16473.72285,,,36920.5925,,,21896.69625,8811.9825,,,,16801.5575,,59546.09375,,
,11741.29,,,17587.829999999998,,,8633.485,,,24470.98875,28129.005,,,,21062.892499999998,,25535.4775,,
,29191.0,,,43920.5819,,,27804.875,,,32195.982974999995,22332.75,,,,31468.2225,,29633.51625,,
,32602.0,,,43410.12585,,,18375.21,,,27818.190075,23639.375,,,,25084.048925,,19722.6718,,
,19633.75,,,28184.76375,,,37780.97,,,11994.98625,24613.1075,,,,22602.905,,51007.1575,,
,40699.0,,,23812.349274999997,,,23765.9575,,,35104.29975,38376.625,,,,29968.77,,29269.743749999998,,
,21241.5,,,34986.92925,,,34677.715,,,16151.934175,23092.625,,,,31051.215,,32704.1364,,
,18269.125,,,28827.5975,,,27679.5,,,26884.73125,36317.1225,,,,28871.114999999998,,16146.89375,,
,18394.5,,,14138.1175,,,20072.2425,,,9393.924149999999,38449.8975,,,,28637.68375,,26343.50875,,
,19412.1425,,,31893.24905,,,17688.1225,,,18900.44455,34378.9075,,,,24862.434999999998,,13870.045475,,
,29954.375,,,22383.204999999998,,,32871.0,,,26827.059999999998,14896.8125,,,,20497.798749999998,,41883.90375,,
,30164.25,,,20208.018675,,,26355.6425,,,25409.361249999998,16511.9475,,,,20024.17625,,8962.4925,,
,26461.625,,,30732.620424999997,,,25546.375,,,6084.570375,47794.5,,,,11588.11875,,16959.149999999998,,
,7375.82,,,19992.636625,,,25641.75,,,26880.083749999998,24076.25,,,,37885.1525,,59399.48625,,
,29581.5,,,34575.798725,,,32566.55,,,17678.03375,32612.375,,,,26351.958749999998,,30043.76375,,
,28520.125,,,35262.318975,,,20574.485,,,7139.992275,6146.675,,,,27613.54375,,38909.503749999996,,
,13510.0475,,,24200.318349999998,,,11988.1575,,,21040.28875,36134.875,,,,29069.267499999998,,34416.63875,,
,22072.5375,,,36372.741925,,,29310.9375,,,30936.696375,28973.375,,,,23058.36,,15201.266925,,
,47809.75,,,11691.880525,,,30541.8825,,,25376.195,12868.125,,,,11842.2525,,51135.174999999996,,
,22627.125,,,10129.3023,,,13613.2375,,,28286.375,17618.5625,,,,26118.31625,,38275.259425,,
,33427.125,,,14200.216550000001,,,10714.25,,,27613.966249999998,26143.0,,,,16106.545,,23899.5575,,
,16022.0025,,,28103.555024999998,,,27654.66,,,19372.681249999998,47001.0225,,,,23150.25375,,34989.97125,,
,23606.75,,,17703.806249999998,,,34301.835,,,32244.51555,38308.875,,,,32149.715,,53143.554099999994,,
,24297.75,,,26276.965,,,27493.3325,,,21610.875,18477.5,,,,14852.564999999999,,46113.34,,
,27294.875,,,33162.215124999995,,,16035.185,,,10178.025,29078.65,,,,14830.80625,,22939.00375,,
,24107.9875,,,34040.753175,,,22596.225,,,23542.059125,10974.25,,,,8910.7616,,59182.448,,
,11554.2375,,,15283.248825,,,10380.525,,,21143.982925,14462.375,,,,30495.83875,,43223.22875,,
,23767.0,,,32517.923749999998,,,17870.5625,,,22953.579999999998,35126.75,,,,22584.94875,,34535.994999999995,,
,30800.375,,,21499.765949999997,,,29098.995,,,25858.69,31552.54,,,,16848.75075,,,,
,17276.0325,,,16431.27005,,,18878.585,,,23957.5245,22089.625,,,,19956.99875,,,,
,11698.5,,,6359.829125,,,18927.7675,,,26937.12125,22656.25,,,,21594.82,,,,
,14354.125,,,15353.86125,,,18992.6125,,,23024.9825,36896.25,,,,13165.1,,,,
,37722.75,,,40197.494999999995,,,12641.21,,,32822.8589,17394.625,,,,35027.670925,,,,
,19591.28,,,18663.569925,,,33255.375,,,33243.9731,63155.11,,,,27120.6975,,,,
,23169.975,,,24092.00625,,,26955.25,,,13151.36875,,,,,22596.145,,,,
,19222.1825,,,24128.366599999998,,,30785.875,,,14222.195,,,,,30133.122499999998,,,,
,31368.875,,,9217.20085,,,21657.2075,,,12766.04875,,,,,29397.1275,,,,
,30036.09,,,10703.340375,,,36824.5,,,22608.055275,,,,,27385.39375,,,,
,32428.5,,,11065.275,,,31191.395,,,13813.5192,,,,,17523.61,,,,
,27873.875,,,28333.695,,,34042.1,,,14656.977074999999,,,,,20236.283925,,,,
,19996.6975,,,22591.92,,,33239.2225,,,6747.7813,,,,,23334.2525,,,,
,20997.25,,,31635.954999999998,,,16571.4,,,11425.03375,,,,,28008.58125,,,,
,21362.86,,,9739.871375,,,28272.625,,,30808.683100000002,,,,,29996.655,,,,
,41697.5,,,22061.25155,,,17909.75,,,25228.020024999998,,,,,34492.878874999995,,,,
,29290.05,,,16335.818850000001,,,14398.76,,,21592.91875,,,,,17693.243749999998,,,,
,21268.545,,,23780.835,,,29079.34,,,11187.559175,,,,,29924.9821,,,,
,36067.25,,,32887.18875,,,24505.7075,,,27883.7325,,,,,25101.1475,,,,
,30775.3075,,,27249.285375,,,39595.375,,,26450.82375,,,,,23187.85625,,,,
,20943.25,,,28195.338925,,,29551.875,,,28103.855,,,,,30234.5225,,,,
,27130.0625,,,13360.50625,,,22676.675,,,7794.8377,,,,,27438.244274999997,,,,
,6760.465,,,14964.5275,,,12562.3775,,,25932.6275,,,,,30082.633749999997,,,,
,27254.0525,,,7540.023724999999,,,30512.7775,,,25752.85375,,,,,14963.04875,,,,
,24714.0,,,12963.356249999999,,,34363.9275,,,30601.04125,,,,,35292.6925,,,,
,27276.6525,,,22606.922975,,,10464.875,,,29065.0425,,,,,17932.37875,,,,
,28141.625,,,6988.1880249999995,,,27431.0,,,31860.4546,,,,,28618.0375,,,,
,10398.3175,,,37890.645,,,7750.855,,,33837.6025,,,,,33358.487499999996,,,,
,34074.585,,,16710.931249999998,,,30263.75,,,11779.714049999999,,,,,25653.14375,,,,
,11486.665,,,32619.535,,,35699.0925,,,32506.8458,,,,,30638.64375,,,,
,30495.25,,,15428.432499999999,,,12276.5,,,21700.23375,,,,,29938.56125,,,,
,,,,16859.8625,,,17769.625,,,11874.201949999999,,,,,19837.207325,,,,
,,,,24061.767925,,,44134.1975,,,32724.530474999996,,,,,17657.5425,,,,
,,,,28321.02,,,39531.75,,,27321.8075,,,,,25767.64125,,,,
,,,,15542.317375,,,22457.715,,,26896.98375,,,,,6901.1657000000005,,,,
,,,,31860.73345,,,31159.5,,,19326.4175,,,,,27859.2275,,,,
,,,,42043.967875,,,10616.16,,,11529.391249999999,,,,,22363.508049999997,,,,
,,,,8714.244175,,,30998.75,,,26683.19875,,,,,18119.12375,,,,
,,,,30640.147849999998,,,21985.52,,,18931.591249999998,,,,,12073.18255,,,,
,,,,15813.11875,,,41089.23,,,38145.62375,,,,,36229.16375,,,,
,,,,15354.326,,,36553.5675,,,29712.435024999995,,,,,23859.208749999998,,,,
,,,,25759.825,,,10762.76,,,17368.341249999998,,,,,22132.6625,,,,
,,,,22426.308449999997,,,29305.0425,,,29742.58885,,,,,25501.04375,,,,
,,,,27647.8592,,,7602.0,,,23057.9375,,,,,28726.1975,,,,
,,,,32801.919799999996,,,9243.8325,,,21849.798749999998,,,,,26719.630925,,,,
,,,,24474.918,,,11846.8925,,,31848.68375,,,,,23946.032499999998,,,,
,,,,22252.01875,,,23395.9025,,,26283.93625,,,,,13034.125,,,,
,,,,14222.71045,,,32209.5,,,16529.4675,,,,,39939.047524999994,,,,
,,,,19369.542074999998,,,24806.1325,,,23352.42,,,,,8202.985374999998,,,,
,,,,29883.63625,,,35921.125,,,25846.64875,,,,,27290.33125,,,,
,,,,21984.850875,,,29222.8325,,,24392.614999999998,,,,,26433.353375,,,,
,,,,15829.385,,,29069.375,,,12767.637349999999,,,,,11016.265,,,,
,,,,31847.41625,,,9697.8625,,,23616.664174999998,,,,,26661.017499999998,,,,
,,,,17972.021925,,,40000.1925,,,16124.070300000001,,,,,28571.5625,,,,
,,,,23368.107425,,,29439.4325,,,36017.461675,,,,,32228.93375,,,,
,,,,14417.170300000002,,,18071.6125,,,35570.77355,,,,,16267.44145,,,,
,,,,26313.937975,,,27658.075,,,11168.57625,,,,,22725.64125,,,,
,,,,40665.743299999995,,,24878.0225,,,31846.106499999998,,,,,30045.664999999997,,,,
,,,,6257.685525,,,30732.125,,,26353.86,,,,,28392.21125,,,,
,,,,27143.723749999997,,,23167.0575,,,32746.07375,,,,,22055.97875,,,,
,,,,24281.708749999998,,,29344.9475,,,28506.497499999998,,,,,26341.81875,,,,
,,,,30270.067425,,,8026.195,,,20500.692874999997,,,,,18968.9825,,,,
,,,,14753.48875,,,17090.9925,,,29172.146249999998,,,,,11079.217499999999,,,,
,,,,25891.01125,,,20372.2,,,26446.17625,,,,,12330.6625,,,,
,,,,31954.803075,,,15211.0325,,,30018.663024999998,,,,,24634.49625,,,,
,,,,24019.25175,,,19817.125,,,21240.4777,,,,,26911.559999999998,,,,
,,,,26597.942475,,,28962.5575,,,26678.34,,,,,24499.5075,,,,
,,,,20857.4223,,,20133.365,,,17383.504774999998,,,,,10288.060899999999,,,,
,,,,28910.487775,,,26740.69,,,19917.495,,,,,22498.75875,,,,
,,,,32086.73715,,,36387.8675,,,18257.8305,,,,,38451.3025,,,,
,,,,44700.69435,,,27872.875,,,19862.1475,,,,,23688.421574999997,,,,
,,,,24349.684774999998,,,33250.88,,,22465.748825,,,,,14172.1203,,,,
,,,,21055.177649999998,,,43610.905,,,20557.5825,,,,,22535.7275,,,,
,,,,39494.028275000004,,,30827.69,,,16529.89,,,,,30207.837399999997,,,,
,,,,23333.829999999998,,,26003.91,,,9949.051125,,,,,30207.4825,,,,
,,,,20470.92775,,,23503.25,,,36225.069725,,,,,24893.91125,,,,
,,,,22375.114125,,,16598.625,,,31139.4161,,,,,19127.208749999998,,,,
,,,,24942.029775,,,32040.11,,,13552.109999999999,,,,,35959.18625,,,,
,,,,27486.37125,,,30157.5,,,24907.642499999998,,,,,15330.4125,,,,
,,,,30194.8075,,,34188.515,,,18630.158625,,,,,19748.28375,,,,
,,,,,,,18698.1075,,,21088.665,,,,,17862.8775,,,,
,,,,,,,10497.8875,,,21288.29625,,,,,6989.016124999999,,,,
,,,,,,,31562.8425,,,21173.165,,,,,18254.74625,,,,
,,,,,,,33010.5,,,14111.449299999998,,,,,38289.485,,,,
,,,,,,,32268.125,,,28339.884624999995,,,,,13692.8025,,,,
,,,,,,,7725.2925,,,30888.552499999998,,,,,28664.930775,,,,
,,,,,,,37240.125,,,30571.2888,,,,,9827.561249999999,,,,
,,,,,,,9917.465,,,23049.221325,,,,,22192.273025,,,,
,,,,,,,13905.5,,,33391.23125,,,,,30109.251249999998,,,,
,,,,,,,26691.0525,,,18899.49815,,,,,30646.176925,,,,
,,,,,,,34840.875,,,19865.73875,,,,,26946.6275,,,,
,,,,,,,11790.77,,,17343.772875,,,,,6181.7665,,,,
,,,,,,,27358.375,,,34510.43375,,,,,17622.68625,,,,
,,,,,,,22779.185,,,31064.764575,,,,,25648.285,,,,
,,,,,,,29344.385,,,11265.9625,,,,,26909.236249999998,,,,
,,,,,,,28340.7375,,,27078.87,,,,,20992.250500000002,,,,
,,,,,,,28878.625,,,26024.098749999997,,,,,20927.903749999998,,,,
,,,,,,,16597.375,,,11170.055,,,,,16233.92875,,,,
,,,,,,,26600.485,,,35829.91815,,,,,30760.1125,,,,
,,,,,,,16637.575,,,12848.01375,,,,,17798.44625,,,,
,,,,,,,24244.595,,,19675.491224999998,,,,,13177.352499999999,,,,
,,,,,,,25977.3025,,,22289.62125,,,,,17463.82625,,,,
,,,,,,,25084.92,,,29887.438749999998,,,,,12750.838749999999,,,,
,,,,,,,25969.1525,,,20253.800775,,,,,31419.001249999998,,,,
,,,,,,,22813.5,,,29646.19125,,,,,33903.356175,,,,
,,,,,,,6513.585,,,28618.109324999998,,,,,20288.66125,,,,
,,,,,,,19043.99,,,30444.716249999998,,,,,30120.87,,,,
,,,,,,,24692.1425,,,20533.871799999997,,,,,27126.82375,,,,
,,,,,,,31067.0,,,14114.863099999999,,,,,17807.31875,,,,
,,,,,,,30691.0,,,20742.00375,,,,,30554.56625,,,,
,,,,,,,31168.625,,,27319.90625,,,,,28457.065,,,,
,,,,,,,23681.875,,,16823.31625,,,,,23008.927499999998,,,,
,,,,,,,38033.825,,,32564.905749999998,,,,,18119.1491,,,,
,,,,,,,32896.385,,,8765.9624,,,,,11444.46875,,,,
,,,,,,,27982.25,,,17246.631675,,,,,28478.130849999998,,,,
,,,,,,,12834.94,,,19496.2625,,,,,10960.271075,,,,
,,,,,,,25868.4075,,,33609.042675,,,,,27893.661249999997,,,,
,,,,,,,26687.375,,,8092.163624999999,,,,,28823.288,,,,
,,,,,,,29122.625,,,16036.62125,,,,,31982.22755,,,,
,,,,,,,30323.35,,,22160.969999999998,,,,,29175.7375,,,,
,,,,,,,,,,13871.870675,,,,,18760.056249999998,,,,
,,,,,,,,,,6687.101849999999,,,,,28094.771249999998,,,,
,,,,,,,,,,31965.0825,,,,,22256.8775,,,,
,,,,,,,,,,29442.335,,,,,28034.77625,,,,
,,,,,,,,,,24782.79375,,,,,27461.021249999998,,,,
,,,,,,,,,,18770.829999999998,,,,,16622.62875,,,,
,,,,,,,,,,27440.74125,,,,,34661.055,,,,
,,,,,,,,,,17860.591774999997,,,,,13410.783749999999,,,,
,,,,,,,,,,27327.3,,,,,27752.335,,,,
,,,,,,,,,,10476.52125,,,,,30501.5425,,,,
,,,,,,,,,,11322.07895,,,,,30469.855,,,,
,,,,,,,,,,40982.8042,,,,,35008.35,,,,
,,,,,,,,,,40471.194725,,,,,22073.5125,,,,
,,,,,,,,,,22005.321,,,,,29189.68,,,,
,,,,,,,,,,26080.202525,,,,,27316.10375,,,,
,,,,,,,,,,22729.046599999998,,,,,29480.57125,,,,
,,,,,,,,,,27181.7403,,,,,35972.917499999996,,,,
,,,,,,,,,,30865.52625,,,,,26594.473749999997,,,,
,,,,,,,,,,28268.629999999997,,,,,26525.60625,,,,
,,,,,,,,,,28121.2451,,,,,15718.05625,,,,
,,,,,,,,,,10528.64085,,,,,20356.895,,,,
,,,,,,,,,,10387.585,,,,,29257.7025,,,,
,,,,,,,,,,14464.993074999998,,,,,20829.25,,,,
,,,,,,,,,,23352.8425,,,,,14679.12875,,,,
,,,,,,,,,,22389.3228,,,,,25404.079999999998,,,,
,,,,,,,,,,20772.212499999998,,,,,33775.494999999995,,,,
,,,,,,,,,,24261.572399999997,,,,,28230.1825,,,,
,,,,,,,,,,17169.1325,,,,,21653.75875,,,,
,,,,,,,,,,32474.549899999998,,,,,22525.811425,,,,
,,,,,,,,,,11335.180675,,,,,21083.945675,,,,
,,,,,,,,,,12368.041075000001,,,,,,,,,
,,,,,,,,,,4205.2312249999995,,,,,,,,,
,,,,,,,,,,34028.994999999995,,,,,,,,,
,,,,,,,,,,20155.67515,,,,,,,,,
,,,,,,,,,,33557.387825,,,,,,,,,
,,,,,,,,,,27865.565,,,,,,,,,
,,,,,,,,,,19292.6175,,,,,,,,,
,,,,,,,,,,17171.245,,,,,,,,,
,,,,,,,,,,20967.829999999998,,,,,,,,,
,,,,,,,,,,20910.37,,,,,,,,,
,,,,,,,,,,34937.581249999996,,,,,,,,,
,,,,,,,,,,11208.08,,,,,,,,,
,,,,,,,,,,30865.7375,,,,,,,,,
,,,,,,,,,,23276.58125,,,,,,,,,
,,,,,,,,,,28317.149899999997,,,,,,,,,
,,,,,,,,,,24304.94625,,,,,,,,,
,,,,,,,,,,27827.962499999998,,,,,,,,,
,,,,,,,,,,12852.868275,,,,,,,,,
,,,,,,,,,,23793.1382,,,,,,,,,
,,,,,,,,,,29293.614999999998,,,,,,,,,
,,,,,,,,,,21845.273775,,,,,,,,,
,,,,,,,,,,12334.245299999999,,,,,,,,,
,,,,,,,,,,16153.865,,,,,,,,,
,,,,,,,,,,27981.81165,,,,,,,,,
,,,,,,,,,,11576.10285,,,,,,,,,
,,,,,,,,,,19896.7925,,,,,,,,,
,,,,,,,,,,28562.69,,,,,,,,,
,,,,,,,,,,28056.1125,,,,,,,,,
,,,,,,,,,,22302.401875,,,,,,,,,
,,,,,,,,,,26728.178099999997,,,,,,,,,
,,,,,,,,,,22228.578449999997,,,,,,,,,
,,,,,,,,,,35276.84875,,,,,,,,,
,,,,,,,,,,16145.62625,,,,,,,,,
,,,,,,,,,,12683.2303,,,,,,,,,
,,,,,,,,,,32967.5567,,,,,,,,,
,,,,,,,,,,12137.36875,,,,,,,,,
,,,,,,,,,,16473.486249999998,,,,,,,,,
,,,,,,,,,,29194.3613,,,,,,,,,
,,,,,,,,,,6553.8369,,,,,,,,,
,,,,,,,,,,21300.337499999998,,,,,,,,,
,,,,,,,,,,28609.165,,,,,,,,,
,,,,,,,,,,31740.0421,,,,,,,,,
,,,,,,,,,,11015.381975,,,,,,,,,
,,,,,,,,,,25156.87525,,,,,,,,,
,,,,,,,,,,27591.121675,,,,,,,,,
,,,,,,,,,,26307.385,,,,,,,,,
,,,,,,,,,,36999.38125,,,,,,,,,
,,,,,,,,,,30466.8975,,,,,,,,,
,,,,,,,,,,21014.7275,,,,,,,,,
,,,,,,,,,,16311.884225,,,,,,,,,
,,,,,,,,,,20485.406825,,,,,,,,,
,,,,,,,,,,40262.34875,,,,,,,,,
,,,,,,,,,,31163.177499999998,,,,,,,,,
,,,,,,,,,,26275.651025,,,,,,,,,
,,,,,,,,,,29960.10875,,,,,,,,,
,,,,,,,,,,8425.000675000001,,,,,,,,,
,,,,,,,,,,20486.39125,,,,,,,,,
,,,,,,,,,,6462.9825,,,,,,,,,
,,,,,,,,,,38782.7622,,,,,,,,,
,,,,,,,,,,18185.6675,,,,,,,,,
,,,,,,,,,,33958.348775,,,,,,,,,
,,,,,,,,,,21776.837225,,,,,,,,,
,,,,,,,,,,29473.81125,,,,,,,,,
,,,,,,,,,,17901.53625,,,,,,,,,
,,,,,,,,,,29292.3475,,,,,,,,,
,,,,,,,,,,22613.89,,,,,,,,,
,,,,,,,,,,17058.145975,,,,,,,,,
,,,,,,,,,,33262.432125,,,,,,,,,
,,,,,,,,,,33614.48024999999,,,,,,,,,
,,,,,,,,,,27192.323924999997,,,,,,,,,
,,,,,,,,,,32442.862399999998,,,,,,,,,
,,,,,,,,,,10005.43375,,,,,,,,,
,,,,,,,,,,19484.13675,,,,,,,,,
,,,,,,,,,,18845.82375,,,,,,,,,
,,,,,,,,,,16562.2873,,,,,,,,,
,,,,,,,,,,17160.13325,,,,,,,,,
,,,,,,,,,,32514.754999999997,,,,,,,,,
,,,,,,,,,,24602.9186,,,,,,,,,
,,,,,,,,,,25384.497124999998,,,,,,,,,
,,,,,,,,,,13661.5375,,,,,,,,,
,,,,,,,,,,27017.81875,,,,,,,,,
,,,,,,,,,,23042.63455,,,,,,,,,
,,,,,,,,,,31611.327475000002,,,,,,,,,
,,,,,,,,,,12332.1328,,,,,,,,,
,,,,,,,,,,11506.998749999999,,,,,,,,,
,,,,,,,,,,28841.062574999996,,,,,,,,,
,,,,,,,,,,26105.239875,,,,,,,,,
,,,,,,,,,,18862.5125,,,,,,,,,
,,,,,,,,,,26942.61375,,,,,,,,,
,,,,,,,,,,30332.75375,,,,,,,,,
,,,,,,,,,,12128.973675,,,,,,,,,
,,,,,,,,,,15523.0725,,,,,,,,,
,,,,,,,,,,27158.51125,,,,,,,,,
,,,,,,,,,,33274.409999999996,,,,,,,,,
,,,,,,,,,,35889.47375,,,,,,,,,
,,,,,,,,,,47131.493174999996,,,,,,,,,
,,,,,,,,,,28488.701800000003,,,,,,,,,
,,,,,,,,,,27646.49875,,,,,,,,,
,,,,,,,,,,27025.8716,,,,,,,,,
,,,,,,,,,,14918.55105,,,,,,,,,
,,,,,,,,,,24832.64875,,,,,,,,,
,,,,,,,,,,25931.021999999997,,,,,,,,,
,,,,,,,,,,24052.71375,,,,,,,,,
,,,,,,,,,,10086.824149999999,,,,,,,,,
,,,,,,,,,,32067.11625,,,,,,,,,
,,,,,,,,,,19070.648674999997,,,,,,,,,
,,,,,,,,,,18477.9192,,,,,,,,,
,,,,,,,,,,14489.42625,,,,,,,,,
,,,,,,,,,,30649.058374999997,,,,,,,,,
,,,,,,,,,,14582.405825,,,,,,,,,
,,,,,,,,,,27054.364999999998,,,,,,,,,
,,,,,,,,,,20156.41875,,,,,,,,,
,,,,,,,,,,19586.88875,,,,,,,,,
,,,,,,,,,,33913.86375,,,,,,,,,
,,,,,,,,,,28925.195,,,,,,,,,
,,,,,,,,,,28524.2425,,,,,,,,,
,,,,,,,,,,34212.423375,,,,,,,,,
